Price,Close,High,Low,Open,Volume
Ticker,MSFT,MSFT,MSFT,MSFT,MSFT
Date,,,,,
2021-08-12,280.3512268066406,280.5060082956983,276.99447891167546,277.2750222056894,14561300
2021-08-13,283.29205322265625,283.34040952865263,279.85789937183694,280.0320470208435,18249000
2021-08-16,284.9848937988281,285.19771465157334,280.5543586430097,283.62090963189974,22507600
2021-08-17,283.51446533203125,283.8530479642394,281.5797411726105,282.8470126568551,20075300
2021-08-18,281.7796936035156,285.7437766750239,281.33383371424515,283.0493620131497,21813000
2021-08-19,287.6336975097656,288.31215930463765,279.75401063474186,279.80245951520226,29850500
2021-08-20,294.99005126953125,296.42449908707897,288.88401298759806,290.49291228106995,40817600
2021-08-23,295.2710876464844,295.9979982657904,292.5572998323028,293.9141937393936,22830200
2021-08-24,293.3036804199219,296.24039910333704,292.70277217642314,295.62978925007906,18175800
2021-08-25,292.7124938964844,295.21305440563236,291.1714463209043,294.93197390601165,20006100
2021-08-26,289.8822937011719,293.11946582740853,289.7466190833908,291.7237949064107,17666100
2021-08-27,290.492919921875,291.6075104848054,287.691876313099,289.7853828134745,22605700
2021-08-30,294.2437744140625,294.8543841734556,291.79166334629616,291.84981383975514,16348100
2021-08-31,292.5863952636719,295.1257318031816,292.21808912531776,295.0482076794564,26285300
2021-09-01,292.5379638671875,295.7945395708892,292.20843452671886,293.5459551061994,18983800
2021-09-02,291.8788146972656,294.02076953529564,290.93867585518734,292.89650722957293,16285600
2021-09-03,291.8692321777344,293.2842768886712,291.016318792049,291.72382635847964,14747900
2021-09-07,290.938720703125,291.8207092025225,289.01969545610433,291.7431850784096,17180400
2021-09-08,290.9678039550781,291.3554837424543,288.3121663545763,290.5510489231006,15046800
2021-09-09,288.0989685058594,292.83844092366724,287.85666491586284,291.55907086974764,19927000
2021-09-10,286.60626220703125,290.6866744225778,286.2864346029987,289.23285342993864,19633400
2021-09-13,287.846923828125,289.34922362690304,285.026506878026,288.3896814290302,23652900
2021-09-14,290.5607604980469,292.11150927882005,288.9227859804773,290.3378305630741,21853400
2021-09-15,295.43597412109375,295.9205813762318,292.5283305902655,293.9240018513094,28356300
2021-09-16,295.8236083984375,295.910834141544,291.50092063095605,294.40856371347337,19550800
2021-09-17,290.6383361816406,295.12580387619147,290.3088068137098,294.80597611787215,41372500
2021-09-20,285.2397155761719,289.5236551795154,280.60687307255535,287.2072191386727,38278700
2021-09-21,285.7242736816406,288.379940139043,285.0167663957792,286.5868883340178,22364100
2021-09-22,289.3880310058594,290.9775568658494,285.4433507617661,287.595007975852,26626300
2021-09-23,290.33782958984375,291.6365731856919,288.37032576939185,289.6496957275967,18604600
2021-09-24,290.13427734375,290.5704059878973,287.78876596007865,289.04876216977885,14999000
2021-09-27,285.11383056640625,287.34301199203236,283.92168613310923,287.0231842347506,23571700
2021-09-28,274.79156494140625,281.82806861765954,274.0452807489207,280.87822817244177,43186200
2021-09-29,275.25689697265625,277.9416102844579,274.29738415594045,276.3230387568277,26353700
2021-09-30,273.2409362792969,278.9689673465597,272.9501542128588,276.9142375539324,32343600
2021-10-01,280.19989013671875,281.0528035448062,272.6303280070575,273.43476294809483,30086300
2021-10-04,274.39422607421875,278.8913942926057,271.622287577768,278.55216339696574,31350700
2021-10-05,279.870361328125,281.45985757328907,275.3053401798689,275.3053401798689,24993000
2021-10-06,284.0863952636719,284.5904056402625,276.7203900908652,276.98206730927467,28002600
2021-10-07,285.7727966308594,287.5076982326449,284.8714345745503,286.09262428442867,20430500
2021-10-08,285.7727966308594,287.5076982326449,284.7163567619484,287.1006152773065,17685700
2021-10-11,285.1719055175781,288.79675717080875,283.73745784943134,283.90223727824645,19298600
2021-10-12,283.8634338378906,286.3446195982153,283.3497515416844,286.24769227140763,17974100
2021-10-13,287.18792724609375,288.1280664324026,284.4547354370626,285.83103295092565,23416300
2021-10-14,293.4296569824219,293.93363781781864,288.66110916260686,289.9986297551675,27262900
2021-10-15,294.8446960449219,295.07732760746717,291.2682926433192,293.0322699004175,25384800
2021-10-18,297.8298645019531,298.72152507618847,293.3714728965588,294.2243861957909,22729300
2021-10-19,298.7409362792969,299.7779731077033,297.7620203649493,298.8572372635613,17682100
2021-10-20,297.9461669921875,300.1656759873755,296.6861706744592,299.6907408744911,16537100
2021-10-21,301.1930236816406,301.4449992684376,296.92845740574165,297.71354814413246,16918100
2021-10-22,299.64227294921875,301.5128493022275,298.3241262243866,300.8440891216271,17449300
2021-10-25,298.64398193359375,299.8748733432088,297.02538117405123,299.8360964926019,17554500
2021-10-26,300.5630187988281,302.7825277274314,299.0995253850251,301.42563368433815,28107300
2021-10-27,313.2209777832031,316.06076839704065,306.2716986940532,306.2716986940532,52588700
2021-10-28,314.3646545410156,314.8686353135515,311.4666837592354,314.3452513256401,26297900
2021-10-29,321.41082763671875,321.77913378740067,313.92849237878045,314.15142230631733,34766000
2021-11-01,319.2301025390625,321.284832079321,316.3224597002652,321.1588294904815,27073200
2021-11-02,322.8743896484375,323.184545347341,319.84074392057755,320.14119801074173,26487100
2021-11-03,323.7174987792969,324.589785525065,320.47062573520867,323.62057145686356,21500100
2021-11-04,326.08245849609375,326.1793858408279,319.3658105568457,322.6417595935785,23992200
2021-11-05,325.7141418457031,328.36010742357934,324.12464583991834,328.08872861390523,22570100
2021-11-08,326.6155090332031,327.2551940040051,324.14402446343985,326.915963092176,20897000
2021-11-09,325.60748291015625,328.2921952710972,324.2311858983905,326.7317452173755,21307400
2021-11-10,320.6160888671875,324.32819631868085,319.7632051014801,324.2700458250661,25500900
2021-11-11,322.1959228515625,323.49466654562343,320.3350478426088,321.05225700459357,16849800
2021-11-12,326.35382080078125,326.84812952926194,323.5140301700109,323.6400327539822,23831000
2021-11-15,325.7238464355469,327.4781218959433,323.74664104520605,327.14859259389846,16723000
2021-11-16,329.0579528808594,330.1822450060062,325.1810957230039,325.345845588492,20886800
2021-11-17,329.2812805175781,332.2622192928567,328.19377924466295,329.1065098770426,19053400
2021-11-18,331.3688659667969,332.5146536422035,327.33927410253233,328.36851839657044,22463500
2021-11-19,333.1554870605469,335.0877722203571,332.2719145644923,332.69915140962325,21963400
2021-11-22,329.9707336425781,339.5252785881614,329.6988582746757,334.62177297452354,31031100
2021-11-23,327.883056640625,329.60172350513506,323.88259282379204,327.2713297656087,30427600
2021-11-24,328.1064147949219,328.3491616885023,324.2224644976349,326.52370030762717,21661300
2021-11-26,320.1151428222656,328.1257894703954,318.60040473573963,324.64966735700517,24217200
2021-11-29,326.8635559082031,329.19392018882024,325.02837514669636,325.2225845168267,28563500
2021-11-30,320.9987487792969,327.9801511598231,319.44516287846153,325.59153024619826,42885600
2021-12-01,320.5035705566406,329.4366682343838,319.8336163813901,325.4070756637348,33337600
2021-12-02,319.9306335449219,323.8145832007806,318.28966244474685,320.7171309796585,30766000
2021-12-03,313.6386413574219,323.04751138803783,308.803113564242,322.35808901688773,41779300
2021-12-06,316.7264099121094,317.9498636247727,309.9683453175888,314.55140742931803,30032600
2021-12-07,325.203125,326.05756905237325,320.522958448242,322.01828739621885,31021900
2021-12-08,325.25164794921875,325.7662700817953,321.2026174856002,325.5817801067034,24761000
2021-12-09,323.4359436035156,326.72757583430194,322.48436518172974,324.707934863553,22214200
2021-12-10,332.60205078125,333.0486967130661,325.07689801295186,325.26138799978173,38095700
2021-12-13,329.5531921386719,333.8158420118164,329.2424689886997,330.7960551063699,28899400
2021-12-14,318.81402587890625,324.931264787045,314.7067381676782,323.552449526195,44438700
2021-12-15,324.9409484863281,325.46529001323074,315.0854316657473,319.0761759142433,35381100
2021-12-16,315.4737854003906,326.9897108280118,313.6483244336507,325.97015632696287,35034800
2021-12-17,314.4056701660156,315.4932008132581,308.04571531961744,311.57040389562906,47750300
2021-12-20,310.628662109375,313.4348010040947,308.35655456831944,310.7645849713913,28326500
2021-12-21,317.7945251464844,318.2217620412238,310.5218082102521,313.91057492680795,24740600
2021-12-22,323.53302001953125,323.9310987851907,316.29915189162267,318.7751579583917,24831500
2021-12-23,324.9798583984375,326.6305492535172,323.07673090467574,323.0961399900539,19617800
2021-12-27,332.5146789550781,332.5438073945915,325.69832778706945,325.7274562265829,19947000
2021-12-28,331.3494873046875,333.8352129560905,330.4464760334282,333.1943576445619,15661500
2021-12-29,332.0291748046875,334.31097163684433,329.82501429921825,331.39800924802887,15042000
2021-12-30,329.4754333496094,333.17489276721807,328.98993967661943,331.99028701983536,15994500
2021-12-31,326.56256103515625,329.5143420427695,326.1061956718715,328.6890262776758,18000800
2022-01-03,325.0380859375,328.19379550970876,320.2122765756348,325.6206844003455,28865100
2022-01-04,319.4645690917969,325.47498337685073,316.6584013250783,325.1156931532872,32674300
2022-01-05,307.20098876953125,316.6098587525815,306.81259974808444,316.405930069771,40054300
2022-01-06,304.7735290527344,309.45369542016715,302.4528549493808,304.06469758500975,39646100
2022-01-07,304.92889404296875,307.3175147707154,301.0934819267639,305.0356884344486,32720000
2022-01-10,305.1522521972656,305.58920845555434,295.850204337967,300.5109328094982,44289500
2022-01-11,305.8416442871094,307.42432897382355,300.899321615518,304.2880584070521,29386800
2022-01-12,309.0361328125,314.0270220084163,307.8806554969375,310.3955388064669,34372200
2022-01-13,295.9570007324219,311.57049751795563,295.1802225260185,311.1723890567124,45366000
2022-01-14,301.2003173828125,301.8023248577446,294.93743650779754,295.42293023044414,39846400
2022-01-18,293.8693542480469,300.8119087883123,292.9857520873315,295.2481695047707,42333200
2022-01-19,294.52960205078125,304.8026655825984,293.91790486518016,297.40374615872065,45933900
2022-01-20,292.84979248046875,302.608203554877,292.4031465937436,300.1030692146905,35380700
2022-01-21,287.44140625,295.28697160618094,287.033578493321,293.9081860566442,57984400
2022-01-24,287.77154541015625,288.4900666398452,268.0410733422131,283.72254434338123,85731500
2022-01-25,280.12017822265625,286.4315970589494,276.8965221990427,283.0622692025946,72848600
2022-01-26,288.1016845703125,299.5496351641995,284.5284577844545,299.05442207109365,90428900
2022-01-27,291.1408996582031,298.38445839019573,289.28630990590625,293.8790916253967,53481300
2022-01-28,299.3166198730469,299.5302383109327,285.907284705517,291.519591338495,49743700
2022-01-31,301.95770263671875,303.31707920676604,297.4814348645573,299.98659920210355,46444500
2022-02-01,299.8021545410156,301.61789669473416,296.27746465100137,301.4042782276972,40950400
2022-02-02,304.36566162109375,305.9775040465529,299.91855295879697,300.6467934119284,36636000
2022-02-03,292.5099182128906,302.2003819386154,291.2573363241968,300.51084392088086,43730000
2022-02-04,297.06390380859375,299.8409137013529,291.26710752758504,291.5001350340584,35096500
2022-02-07,292.2186584472656,298.9087459627219,291.1991039378543,297.2872136622015,28533300
2022-02-08,295.72393798828125,296.694925446775,291.2477000280742,292.5099718712418,32421200
2022-02-09,302.1810607910156,302.8801730901601,298.47191045740766,300.87994088497845,31284700
2022-02-10,293.60723876953125,300.1516857901449,291.97598669358683,295.21908176083,45386200
2022-02-11,286.4801025390625,295.4617351032537,285.6838858378648,294.393643142157,39175600
2022-02-14,286.4413146972656,288.15026219267463,282.89721622151654,285.2469893955168,36359500
2022-02-15,291.75262451171875,292.07303735866185,288.40270567819266,291.3059785446445,27058300
2022-02-16,291.41204833984375,292.7450469485756,285.7492094226368,290.3125590659392,29982100
2022-02-17,282.8789367675781,288.78499572393093,282.1686395026327,288.356875412657,32461600
2022-02-18,280.15447998046875,285.9243339610583,278.5782326246137,285.1362102831308,34264000
2022-02-22,279.9501647949219,283.6670133817274,276.81711923482464,277.3036168081723,41736100
2022-02-23,272.70135498046875,283.8227127228963,272.5359624242188,282.34374100984417,37811200
2022-02-24,286.6346435546875,287.18925792799297,264.1876378573289,265.1509232671374,56989700
2022-02-25,289.2812194824219,289.5925850932438,283.7740627265268,287.169836388477,32546700
2022-02-28,290.72125244140625,291.0618067098429,285.08760175802655,286.3622231310244,34627500
2022-03-01,286.9849548339844,291.86938019669464,284.26055037516176,288.39578010076116,31217800
2022-03-02,292.0834045410156,293.328837094481,285.76867577697493,287.3838215298585,31873000
2022-03-03,287.9287109375,294.94399699904244,286.1091852345869,294.7104876867767,27314500
2022-03-04,282.0323181152344,287.67570696468294,279.41498886772894,286.34270855775105,32356500
2022-03-07,271.37811279296875,281.86700055685185,271.0083698414943,280.73832248678326,43157200
2022-03-08,268.4007568359375,276.2917343894087,262.70872844754865,270.29807983642723,48159500
2022-03-09,280.7090759277344,281.7793764366867,273.1975528468867,275.78572328000666,35204500
2022-03-10,277.8776550292969,278.86038953970495,273.0029402871928,275.37705060400356,30628000
2022-03-11,272.50677490234375,281.6918520370042,271.88404371665825,280.1836916492418,27209300
2022-03-14,268.9748229980469,277.6928525683312,268.3715706632459,272.769498727811,30660700
2022-03-15,279.3955383300781,280.04745811524,271.2029361781825,272.77918349658523,34245100
2022-03-16,286.4400939941406,286.6152260176592,275.5522744635128,281.3026504232545,37826300
2022-03-17,287.2476501464844,287.62710284183214,281.55562216860625,285.36977649759285,30816600
2022-03-18,292.31695556640625,292.87156998483414,284.8249099642647,287.3936019813405,43390600
2022-03-21,291.0812072753906,292.0347531289524,286.9362387956348,290.8185092974234,28351200
2022-03-22,295.8489685058594,296.7635865250529,290.7018147073702,291.70399874625735,27599700
2022-03-23,291.40234375,295.04136624934927,289.6801528126932,292.3948179286676,25715400
2022-03-24,295.88787841796875,295.985183887236,290.2639667384588,291.0618300156062,24484500
2022-03-25,295.47918701171875,297.25004547288074,291.2077533537051,296.9873474480325,22566500
2022-03-28,302.30963134765625,302.4069071163755,296.1116267591082,296.1116267591082,29578200
2022-03-29,306.89239501953125,307.29132658279997,300.70413060248455,305.4329023364062,30393400
2022-03-30,305.3843078613281,307.4178942834838,303.16587963971097,305.2870320805995,28163600
2022-03-31,299.9841613769531,306.62973552346665,299.57552000270795,305.42320122905414,33422100
2022-04-01,301.0641784667969,301.7549967231003,297.2889524574944,301.0155108922393,27110500
2022-04-04,306.46429443359375,306.6004983188192,301.3463302614867,301.7160731825303,24289600
2022-04-05,302.4847717285156,306.3670133210519,301.5020370122259,304.8102149635358,23156700
2022-04-06,291.41204833984375,298.709511987753,288.69738354865393,296.9483931362007,40110400
2022-04-07,293.23162841796875,295.450056813882,288.3472020418562,288.64882825012114,31411200
2022-04-08,288.950439453125,292.9883643451607,288.27907026482814,292.3267346125808,24361900
2022-04-11,277.55657958984375,284.7080695073327,277.3035913730021,283.9102361272485,34569300
2022-04-12,274.4429931640625,282.88858343280907,272.91538374380576,281.42909079539396,30966700
2022-04-13,279.8528747558594,280.78694183396783,273.70353796361,275.0949436670491,21907200
2022-04-14,272.2732849121094,280.5242964481517,271.7770774584208,280.31023627619066,28221600
2022-04-18,272.9446105957031,274.8322237129934,270.823488125662,271.3781025319031,20778000
2022-04-19,277.5955505371094,278.4420814007539,270.89162828042225,271.8354349204637,22297700
2022-04-20,278.6269226074219,281.87675307176863,277.66366675281404,281.58483666280904,22906700
2022-04-21,273.2267150878906,285.3794127585141,272.4969688605571,280.7868753134239,29454600
2022-04-22,266.6298828125,275.5522621743124,265.99744184902704,274.07329041466824,29405800
2022-04-25,273.1391906738281,273.5186433291978,263.45787737372405,265.909844074546,35678900
2022-04-26,262.92279052734375,270.84295680987526,262.7087303741153,270.00619510672965,46518400
2022-04-27,275.5717468261719,283.11246086013085,271.6213880432135,274.4819967747988,63477700
2022-04-28,281.80853271484375,283.1220818388088,273.85915089143094,277.4884327522405,33646600
2022-04-29,270.02557373046875,282.0518079064076,269.0331294759327,280.8160851975912,37073900
2022-05-02,276.7879333496094,277.2452422608899,268.7607233087072,270.21047658994615,35151100
2022-05-03,274.17059326171875,276.45713797873464,272.5846062943108,276.291715725394,25978600
2022-05-04,282.14910888671875,283.02479847315897,269.2569247667406,274.9586613775118,33599300
2022-05-05,269.8602294921875,278.6171864490343,266.93150438582455,277.8290626983947,43260400
2022-05-06,267.31097412109375,271.70890160605785,263.9443894488529,267.3888006696829,37780300
2022-05-09,257.43505859375,265.0049601103205,256.20910482547714,262.7670830134219,47726000
2022-05-10,262.22222900390625,266.3574589603686,257.91186702277696,264.353091051066,39336400
2022-05-11,253.51388549804688,264.03196115223216,252.29764150756793,258.50535558592554,48975900
2022-05-12,248.454345703125,252.8620130453764,243.268279183141,250.73115104944105,51033800
2022-05-13,254.06846618652344,255.93662977324178,248.45429536073587,250.4002854874016,34925100
2022-05-16,254.43824768066406,258.64159411868263,248.8727138859147,252.93982674153148,32550900
2022-05-17,259.61456298828125,261.0837654162938,255.37228885809023,258.9237150792665,28828800
2022-05-18,247.79441833496094,257.07891103112115,246.5168282817784,256.4937482385101,31356000
2022-05-19,246.87767028808594,251.29561812245223,245.6488462809221,247.6188635950773,32692300
2022-05-20,246.31201171875,252.1440854849092,240.3434168359691,250.87622783351006,39199300
2022-05-23,254.20187377929688,255.0308519081946,247.16048539652775,249.16953634780475,33175400
2022-05-24,253.1973876953125,254.86507653881492,247.22879203425603,251.5102043362122,29043900
2022-05-25,256.0256042480469,258.0346402901023,250.76896093804433,251.7539844462051,28547900
2022-05-26,259.3220520019531,260.502110197659,254.9626314844211,255.7818476522136,25002100
2022-05-27,266.48040771484375,266.57793980454977,260.9409302658759,261.8381838235103,26910800
2022-05-31,265.1443176269531,267.9725697938546,262.27704666969936,265.7879937359914,37827700
2022-06-01,265.68072509765625,270.8203419884705,263.35959819128334,268.3919506135823,25292200
2022-06-02,267.7872619628906,267.8555374038793,255.12838804622388,257.9078889871532,44008200
2022-06-03,263.3400573730469,266.6852264023087,261.76990089537674,263.6228914963181,28059000
2022-06-06,262.10150146484375,267.3971637281567,260.60935271212526,265.3296143204805,22400300
2022-06-07,265.7587585449219,266.37317805146677,259.3610454908683,260.0437404453891,22860700
2022-06-08,263.7204895019531,266.2464134425861,262.94026237421866,264.9883176609168,17372300
2022-06-09,258.239501953125,265.9635563970034,258.08345654098554,261.1555243257694,26439700
2022-06-10,246.73138427734375,254.13359977054108,246.28275749041563,254.13359977054108,31422800
2022-06-13,236.26681518554688,242.85959159998848,235.55487854905925,239.04631605488257,46135800
2022-06-14,238.44168090820312,239.6607577393155,235.53539102828876,237.8272614233036,28651500
2022-06-15,245.53179931640625,248.98423293014517,240.3239071262525,242.16715053653422,33111700
2022-06-16,238.90980529785156,241.2991929411064,237.0080483932736,239.89481403270756,33169200
2022-06-17,241.52349853515625,244.30299969377677,237.99305675469424,238.64648015773886,43084800
2022-06-21,247.4628448486328,248.4478535525514,243.33747821445448,244.06892429949633,29928300
2022-06-22,246.86795043945312,250.80801526781855,244.1762191516188,245.6586208114906,25939900
2022-06-23,252.4561309814453,252.95352377862707,247.35553332647763,249.2475426680791,25861400
2022-06-24,261.0774841308594,261.3505561275913,255.24541034605122,255.33318029900627,33923200
2022-06-27,258.3370056152344,261.6626207863299,256.76681929024653,261.57485083215533,24615100
2022-06-28,250.13502502441406,260.30699308121547,249.97897964734233,257.449484659957,27295500
2022-06-29,253.82154846191406,255.48923716820218,249.43285716002453,251.21758735681786,20069800
2022-06-30,250.47637939453125,253.109597154514,246.6436091264857,250.69093809914182,31730900
2022-07-01,253.15834045410156,253.34364250062603,248.31130499958638,250.04728397784783,22837700
2022-07-05,256.3474426269531,256.4742313599345,248.43807276622766,249.822942047915,22941000
2022-07-06,259.62432861328125,261.36029271245513,255.90858506525944,257.225193906022,23824400
2022-07-07,261.7601623535156,262.4038384700445,258.4637739518754,258.56130604758283,20859900
2022-07-08,261.0384826660156,261.46760008401816,256.77659490153445,258.23948707310194,19658800
2022-07-11,257.96636962890625,259.93638669181036,255.69399418885055,259.0781520069453,19455200
2022-07-12,247.3945770263672,259.36103951309576,245.80489605721394,259.3025262054991,35868500
2022-07-13,246.46804809570312,247.2775167971426,241.97209270370755,244.00063808539196,29497400
2022-07-14,247.79441833496094,248.8281930381069,239.85579113302134,244.37125617771787,25102800
2022-07-15,250.36911010742188,253.92880829772642,248.46735333614538,249.39384869842797,29774100
2022-07-18,247.960205078125,254.38717398041587,247.03370974632665,253.3241426511031,20975000
2022-07-19,253.10960388183594,253.29490593904364,247.40431842531214,251.20783214212213,25012600
2022-07-20,255.78176879882812,258.3174541151161,252.5049051378623,253.4704042946446,22788300
2022-07-21,258.2882080078125,258.3369889320587,250.6714193737388,253.36315017839348,22404700
2022-07-22,253.9190216064453,258.76607153095557,252.66095593957778,258.6783015841471,21881300
2022-07-25,252.42684936523438,255.03080992734522,250.4568324084425,254.54317931562943,21056000
2022-07-26,245.66836547851562,253.4509629497861,243.39601928294323,253.43143867174322,39348000
2022-07-27,262.091796875,263.3693872095619,252.44647497980478,254.69932692930692,45994000
2022-07-28,269.5719909667969,270.9666075420693,261.2432507771247,263.0767468611036,33459300
2022-07-29,273.794921875,275.02376096932716,269.7866111341647,270.8301481503752,32152800
2022-08-01,271.1324462890625,274.3215405283766,269.0161158388109,270.9471442318351,21539600
2022-08-02,268.0213317871094,271.01539127951946,265.6416917082196,269.1721330389586,22754200
2022-08-03,275.4821472167969,276.4866654811264,269.76709872535,269.9134117764432,23518900
2022-08-04,276.6329040527344,276.779187317559,273.2390132583336,274.8286644195843,18098700
2022-08-05,275.9112243652344,276.6329083245919,271.78585765777035,272.24423173637746,16774600
2022-08-08,273.38531494140625,278.8467853762037,272.41005342671457,277.02302134312987,18739200
2022-08-09,275.3163146972656,276.07701749099675,270.74233579565794,272.72214524982263,23405200
2022-08-10,282.006591796875,282.64050575840105,279.84151028454056,281.04109252874485,24687800
2022-08-11,279.9195556640625,284.0059038855235,279.4221925187229,283.654824018225,20065900
2022-08-12,284.6885681152344,284.6885681152344,279.84151760890535,281.3434285473414,22619700
2022-08-15,286.2099304199219,286.90235759854795,282.93303702667396,283.80103385613677,18085700
2022-08-16,285.4687805175781,286.7658949577714,283.23545314932466,284.76659105891446,18102900
2022-08-17,284.7162170410156,286.70019877418935,282.90814781798576,283.1720165832015,18253400
2022-08-18,283.59234619140625,285.29289376724813,282.52702841545,283.6118820876841,17186200
2022-08-19,279.66339111328125,282.6931246022663,279.0867691313895,282.3510526263538,20570000
2022-08-22,271.4538269042969,276.057049965206,270.9358423970251,275.685659219277,25061100
2022-08-23,270.17352294921875,272.53864848293165,269.15708983535205,270.17352294921875,17527400
2022-08-24,269.5382995605469,270.94565949888363,268.8736913821474,269.166908767681,18137000
2022-08-25,272.5289306640625,272.69506033851854,268.2970680087891,271.04336749973436,16583400
2022-08-26,262.01275634765625,273.98506530771704,261.9052642162287,272.7536182704308,27549300
2022-08-29,259.2176208496094,261.3384133088157,257.86889873044487,259.82356155223977,20338500
2022-08-30,257.0088806152344,260.99638024255165,254.7512471057002,260.6250193047335,22767100
2022-08-31,255.54287719726562,261.0550115354996,255.40603646622787,259.37402993103416,24791800
2022-09-01,254.4970703125,254.9759829418681,249.62019655941822,253.00175458270186,23263400
2022-09-02,250.25550842285156,258.7387389192011,248.7015548739836,255.76767255162795,22855400
2022-09-06,247.50918579101562,251.9853506377491,246.22888399786356,250.3923254531513,21328200
2022-09-07,252.2394561767578,252.96267186486412,247.47985705485067,248.92630334395687,24126700
2022-09-08,252.6597900390625,254.52649723676734,249.01434683383022,251.6727052657383,20319900
2022-09-09,258.4651184082031,259.2176828631368,254.3896621522167,254.59489344638277,22084700
2022-09-12,260.6054382324219,261.3873213270638,259.149223843225,259.7551646004535,18747700
2022-09-13,246.27777099609375,254.49711760874706,245.8868294468606,252.97248284897586,33353300
2022-09-14,246.5025634765625,248.4669945133989,244.19606043381268,247.782865414468,23913000
2022-09-15,239.81759643554688,245.7011210386076,238.48842506446817,244.1080809128041,31530900
2022-09-16,239.19210815429688,239.73941138872883,236.57285207293663,238.72297831373123,39791800
2022-09-19,238.9771270751953,239.58306789523974,235.39032189172855,236.97359431204936,26826900
2022-09-20,236.95401000976562,237.9899789735556,234.20771098725592,236.58263419492624,26660300
2022-09-21,233.5333709716797,242.0459353368341,233.48450141158338,238.73278197769002,28625600
2022-09-22,235.517333984375,238.33205339630862,232.18464499812544,232.47783250945622,31061200
2022-09-23,232.52671813964844,235.66395894381048,229.86837515858966,234.10999046186149,34176000
2022-09-26,232.06736755371094,235.9766936524482,231.52983223255546,231.67644090899546,27694200
2022-09-27,231.05093383789062,236.31874980621944,229.1842271718102,234.53999939236823,27018700
2022-09-28,235.60533142089844,236.83676384447796,229.40903786274086,231.44188934103624,29029700
2022-09-29,232.11622619628906,234.51068533657707,229.09627550613527,233.47471635519574,27484200
2022-09-30,227.62051391601562,235.0873264233734,227.45436934068638,232.88833041765147,35694800
2022-10-03,235.28280639648438,236.13308008615962,229.34062868997546,230.07362736394273,28880400
2022-10-04,243.23825073242188,244.68469707120093,239.42664921298356,239.5341562666499,34888400
2022-10-05,243.55101013183594,244.8997323923168,238.56662836174206,240.41378432536368,20347100
2022-10-06,241.1956329345703,244.66516272217248,240.50173592478694,242.3097902416394,20239900
2022-10-07,228.9301300048828,235.84963863538212,227.88437816875282,235.43914629265618,37769600
2022-10-10,224.05323791503906,229.24286559802218,221.59035845242354,227.76710045738744,29743600
2022-10-11,220.30029296875,223.86754691341076,219.02975905938624,222.46018719306292,30474000
2022-10-12,220.63258361816406,222.69475365624942,218.8831668147149,220.29051163189263,21903900
2022-10-13,228.9301300048828,230.74796714436056,214.16265082548793,214.86633068031122,42551800
2022-10-14,223.37887573242188,231.86212054552945,223.16386161855522,230.2006451360336,30198600
2022-10-17,232.14553833007812,233.54313005951505,229.80971675903513,230.474309900326,28142300
2022-10-18,233.09356689453125,238.4004698757012,230.03451447301313,237.7261236555429,26329600
2022-10-19,231.1193389892578,234.17839122462001,228.97898071038742,231.6666422196203,19985700
2022-10-20,230.79684448242188,235.83987896691403,229.54586126481243,230.42546862628225,21811000
2022-10-21,236.6315155029297,237.49157205864338,229.18425369445214,229.41881864043668,26299700
2022-10-24,241.64523315429688,242.22185520740007,235.8301132358931,238.2343405714641,24911200
2022-10-25,244.97792053222656,245.349296366253,240.25740753672832,241.654984441584,34775500
2022-10-26,226.07635498046875,232.8981254365345,224.84490760872006,225.92974629136222,82543200
2022-10-27,221.6099090576172,228.39259179146362,220.6618963462355,225.80265446885284,40424600
2022-10-28,230.523193359375,231.2366561449751,220.92580506688836,221.1115004518282,40647700
2022-10-31,226.86795043945312,229.59469857735252,225.91015489730142,228.4609905353531,28357300
2022-11-01,222.99771118164062,230.39611728444083,222.1767563573702,229.28196004781836,30592300
2022-11-02,215.1106719970703,226.0567819611401,215.05201957945258,224.2584955561427,38407000
2022-11-03,209.39329528808594,215.4136615228386,209.12941158048986,215.10090825266596,36633900
2022-11-04,216.37139892578125,216.56686222399412,208.59183438860106,212.61844991367641,36789100
2022-11-07,222.70452880859375,223.23229618089562,216.26391766746684,216.95782960870955,33498000
2022-11-08,223.68185424804688,226.39883460819428,220.72054101441213,223.5157096836229,28192500
2022-11-09,219.42068481445312,223.44730064563345,219.2447723065567,222.21585343877905,27852900
2022-11-10,237.47201538085938,237.8140873878515,229.67291380266073,230.09315921015215,46268000
2022-11-11,241.50840759277344,242.36846415623495,236.44582224816557,237.4818062509244,34620200
2022-11-14,236.07440185546875,238.38090454819653,233.78744996628518,236.50443005607974,31123300
2022-11-15,236.48492431640625,241.40090098554992,234.58889865944417,240.0912802435089,31390100
2022-11-16,236.91612243652344,238.94490710262616,235.63221250615155,237.9550109311779,24093300
2022-11-17,236.8671417236328,238.40588369087442,232.89780598377683,233.04481287972584,23123500
2022-11-18,236.4163055419922,238.88612602549412,234.26991517757338,238.6606955166367,27613500
2022-11-21,237.22976684570312,239.79758681244928,236.38689247384355,236.6221034906922,26394700
2022-11-22,240.15040588378906,240.42482869254758,235.9164432951424,238.73908003593303,19665700
2022-11-23,242.6496124267578,243.33566940605613,239.4055312457812,240.22879962093913,19508500
2022-11-25,242.5614471435547,243.7473426215973,241.81657234254652,242.385023917818,9200800
2022-11-28,236.94552612304688,241.7381448542194,236.00465217547287,241.17950375189517,24778200
2022-11-29,235.5440216064453,237.95502429454882,233.46624450045002,236.59270563364998,17956300
2022-11-30,250.05909729003906,250.2453159899474,235.08338705062414,235.7792545679253,47594200
2022-12-01,249.61802673339844,251.01954209148104,245.92309949539396,248.8143492893829,26041500
2022-12-02,249.9414825439453,250.96076518615746,244.71762348466754,244.84503942303994,21528500
2022-12-05,245.2174530029297,248.76537360672083,243.12007008463186,246.99140582736436,23435300
2022-12-06,240.23858642578125,246.84436899935554,238.92527526209318,245.82508651759227,22463700
2022-12-07,239.5035858154297,241.25794794545902,237.38661164408398,239.9544319081242,20481500
2022-12-08,242.4732208251953,243.78654716232523,238.21965204435614,239.9642035711505,22611800
2022-12-09,240.53265380859375,243.3651011555244,239.29775109172195,239.82699084040345,20609700
2022-12-12,247.48146057128906,247.51086194896618,242.24780597584402,242.52222880411227,30665100
2022-12-13,251.80364990234375,258.6642503117867,248.0303136951813,256.47864827094884,42196900
2022-12-14,252.09767150878906,257.36072748667533,249.2456182321453,252.00946737567781,35410900
2022-12-15,244.05117797851562,249.1378260548112,242.4144363643477,248.66738902290587,35560400
2022-12-16,239.81716918945312,244.86460449647427,238.66066030201907,243.6003005401741,86102000
2022-12-19,235.66163635253906,240.32685450458052,233.95629656849025,239.98381847989876,29696400
2022-12-20,236.98471069335938,238.07260635172838,233.67201644527864,234.6324961848999,25150800
2022-12-21,239.56234741210938,240.7286518216814,235.32838484202188,236.87692208746932,23690600
2022-12-22,233.44659423828125,237.17092255364014,229.21261721747248,236.45544928957335,28651700
2022-12-23,233.97586059570312,234.11307199880326,229.2812565600642,231.40804078557704,21207000
2022-12-27,232.2411346435547,234.17188988521556,231.13363291878463,233.94647434160723,16688600
2022-12-28,229.85951232910156,234.94615982143847,229.5066808569475,232.17251532323996,17457100
2022-12-29,236.21044921875,237.1023307951029,230.95718926754077,230.95718926754077,19770700
2022-12-30,235.04415893554688,235.18137033487318,231.94708454512866,233.4662203658336,21938500
2023-01-03,234.80892944335938,240.85605630555537,232.67233488044818,238.23922932970504,25740000
2023-01-04,224.5376739501953,228.23258683276063,221.46020498304858,227.65433977112923,50623400
2023-01-05,217.88287353515625,223.01852855170435,217.3438233498918,222.67549253701173,39585600
2023-01-06,220.45069885253906,221.26417188709627,214.9818330743018,218.55914037652232,43613600
2023-01-09,222.59707641601562,226.63503997806498,221.9012238905733,221.9404207414047,27369800
2023-01-10,224.2926483154297,226.70365108395583,222.80291366553493,223.22434339433113,27033900
2023-01-11,231.0748291015625,231.2512373640301,226.5076257664419,226.6840340289095,28669300
2023-01-12,233.76026916503906,235.1225878893982,228.9088472303744,230.57499017345114,27269500
2023-01-13,234.46591186523438,234.60312327325482,230.2417446380463,232.2803248107226,21333300
2023-01-17,235.56362915039062,236.11247480825548,232.36853985579916,233.2310201495425,29831300
2023-01-18,231.11402893066406,237.55319978230224,230.82981063027438,236.75933268112436,30028700
2023-01-19,227.31126403808594,230.82978298657494,226.08615694102838,229.12442852369938,28623000
2023-01-20,235.43621826171875,235.9458670784951,229.8399216164332,230.18295763742017,35389800
2023-01-23,237.7492218017578,240.2876405055047,234.8775625509585,236.29869896460573,31934000
2023-01-24,237.219970703125,239.09193825120215,235.65184232831297,237.67081677077388,40234400
2023-01-25,235.81845092773438,238.45488418950694,226.30181098777524,229.81052003551318,66526600
2023-01-26,243.06126403808594,243.36508822534608,237.1807495855516,238.7978850780299,33454500
2023-01-27,243.21807861328125,244.85481998958946,241.9145627963581,244.03155156466582,26498900
2023-01-30,237.87664794921875,240.70909551367092,237.37679458465902,239.64079055025167,25867400
2023-01-31,242.8750457763672,243.01225718230123,238.11182846334003,238.60187133523615,26541100
2023-02-01,247.71665954589844,250.09826060768097,240.5816368788138,243.06125249211797,31259900
2023-02-02,259.33074951171875,259.41895365843123,252.12711176503356,253.66585389177882,39940400
2023-02-03,253.2052001953125,258.9387087363998,251.98009281088562,254.37150481807473,29077300
2023-02-06,251.6566162109375,253.1561462653794,249.7062550702165,252.31328684712523,22518000
2023-02-07,262.23175048828125,263.4176459144894,254.90069804204686,255.3417486096492,50841400
2023-02-08,261.4183044433594,271.2485641308872,260.9086406689903,267.75946096567276,54686000
2023-02-09,258.3702087402344,268.5239129821001,257.5665312216428,268.3474748100803,42375100
2023-02-10,257.860595703125,258.8308711332053,255.46918381235315,256.3218537248294,25818500
2023-02-13,265.9169006347656,269.13158103404106,261.8299294701828,262.3101918765242,44630900
2023-02-14,266.75,269.49422863256655,263.9175373133073,267.24004296366184,37047900
2023-02-15,264.617919921875,266.00330617615515,261.5327271318961,263.63537903101826,28922400
2023-02-16,257.572998046875,262.08285555326694,257.3273629104609,259.41034406969123,29603600
2023-02-17,253.554443359375,255.548999723687,251.53041197430025,254.8612392443018,30000100
2023-02-21,248.258544921875,251.02931675886796,247.19739921785944,250.03694110450442,28397400
2023-02-22,247.11878967285156,249.89938146855127,245.9692189291674,249.6537463098398,22491100
2023-02-23,250.32188415527344,252.3557354930105,246.10677639534023,251.09808466765125,29219100
2023-02-24,244.8687744140625,246.6176955175455,243.7683337176813,245.59585986981725,24990900
2023-02-27,245.7923583984375,248.40591997457756,245.03579794379073,248.05220476132266,21190000
2023-02-28,245.06527709960938,247.09914335825746,244.38732168006,244.72139688160397,22491000
2023-03-01,241.9702911376953,246.54891919262562,241.49866082910683,246.38188908047658,27565300
2023-03-02,246.72576904296875,247.01069921844766,241.3217957785109,242.24538633521718,24808200
2023-03-03,250.83279418945312,251.15703440077357,247.00089167817626,247.78692719116086,30760100
2023-03-06,252.38523864746094,255.57849609751864,251.51077797621733,251.95291831697966,24109800
2023-03-07,249.71267700195312,253.19087897555727,248.96595157458177,251.8251332062513,21473200
2023-03-08,249.27056884765625,250.09589942508887,246.43102686699942,249.6046290824674,17340200
2023-03-09,247.91465759277344,255.02824211967837,247.18757213332034,251.35354977883682,26653400
2023-03-10,244.24977111816406,248.3764387573187,243.27706549156017,246.69630267915912,28333900
2023-03-13,249.4866943359375,253.40703652265023,241.43968484300973,243.08052576031324,33339700
2023-03-14,256.23675537109375,256.511865522419,251.392822721387,252.2672832007519,33620300
2023-03-15,260.80560302734375,261.8274537401873,254.68436373706405,255.44093925824916,46028000
2023-03-16,271.377685546875,271.73138571783875,258.6832496805038,260.57954556148786,54768800
2023-03-17,274.5513000488281,278.38320221583945,271.4956133158903,273.4017443911038,69527400
2023-03-20,267.4770202636719,272.63535806521134,265.13856899607947,272.14408779839806,43466600
2023-03-21,268.9999694824219,270.19867023704575,264.814336850172,270.08077016032206,34558700
2023-03-22,267.5359802246094,276.133210212867,267.42788516982534,268.62658586472133,34873300
2023-03-23,272.8122253417969,276.15285736950943,270.39518387262524,273.0873355091436,36610900
2023-03-24,275.6714172363281,275.7303672722425,270.47376918164593,272.39954031928613,28172000
2023-03-27,271.5545654296875,276.54585829331256,270.70956495396155,275.60262774915475,26840200
2023-03-28,270.4247131347656,271.3188288541802,267.30021062595733,270.9749335798261,21878600
2023-03-29,275.6124572753906,276.2314626149595,273.5491161384135,274.0895014430885,25087000
2023-03-30,279.09063720703125,279.4934824393244,276.56553072790194,279.26751729823314,25053400
2023-03-31,283.2664489746094,284.21951457614847,278.05899567842283,278.77626112609994,32766000
2023-04-03,282.2151184082031,283.23693893844955,278.9923867698922,281.5174930646761,24883300
2023-04-04,282.166015625,285.3789427288405,280.68239963863556,282.2151606481745,25824300
2023-04-05,279.3755798339844,282.1365164147506,277.98038902724386,280.8592256779027,22064800
2023-04-06,286.5088195800781,286.9804198360611,277.1058996745783,278.2652902835456,29770300
2023-04-10,284.33746337890625,284.54378852713467,279.7391501821954,284.16058326709117,23103000
2023-04-11,277.89190673828125,280.98693319323706,276.722711169999,280.76093809159977,27276600
2023-04-12,278.5404052734375,281.9989671295164,277.037119461826,279.8177259533784,27403400
2023-04-13,284.77960205078125,284.8385520958966,278.2260721624306,278.6387224782379,24222700
2023-04-14,281.1442565917969,283.4433986102667,278.73701948644856,281.98922734026746,20987900
2023-04-17,283.7576904296875,286.50882187894223,281.1637990466979,284.8679660158174,23836200
2023-04-18,283.3352355957031,286.66606271139386,281.99899473668074,286.47937759362446,20161800
2023-04-19,283.4138488769531,284.00334925083666,279.5721115217609,280.99677740499226,17150300
2023-04-20,281.1147155761719,283.98374771850524,280.1026998175116,280.2697449359228,23244400
2023-04-21,280.77081298828125,281.27188830738805,278.11794135985355,280.03390753424685,21676400
2023-04-24,276.8504943847656,279.974996736199,273.85375711225953,277.16491461889643,26611000
2023-04-25,270.611328125,276.68342145250523,270.5621831072535,274.6299153265919,45772200
2023-04-26,290.2130432128906,294.33972616743455,287.61915134399425,291.5198391418934,64599200
2023-04-27,299.5078430175781,299.8714082329825,290.09511710218845,290.80254754565533,46462600
2023-04-28,301.89544677734375,303.5362728554159,298.0143992536934,298.7021896959071,36469600
2023-05-01,300.2251281738281,303.2120602406596,299.822282896331,301.6105141326076,21294100
2023-05-02,300.0777893066406,303.7819573278839,298.6039781067365,302.38676618344346,26404400
2023-05-03,299.0853576660156,303.2218452657529,298.78077247368105,301.26659903403873,22360800
2023-05-04,300.0777893066406,302.38676618344346,298.10287270364415,300.89328497729065,22519900
2023-05-05,305.2262268066406,306.52318757549443,298.9576130752729,300.38230891776885,28197100
2023-05-08,303.26116943359375,304.78412545107415,300.74586773679005,304.71534040836775,21318600
2023-05-09,301.63995361328125,304.62688532818095,300.9619982242948,302.62249417879684,21340800
2023-05-10,306.8572692871094,307.53522473722796,302.29829624410297,303.23169187465317,30078000
2023-05-11,304.6956787109375,305.68805440207467,300.9129210456276,304.6858736936846,31680200
2023-05-12,303.5755615234375,305.226222486931,301.2469451669451,305.1279624328462,19774700
2023-05-15,304.0570068359375,304.48932710036144,302.2196607045156,303.7033066112777,16336500
2023-05-16,306.29718017578125,308.2327862505442,304.4205241349901,304.4205241349901,26730300
2023-05-17,309.1921691894531,309.61557800525054,305.9820752690315,307.5083603764243,24315000
2023-05-18,313.6429443359375,314.1550015459057,308.91645194585186,309.71404716104996,27276000
2023-05-19,313.46575927734375,313.8694852016011,311.5259215707128,311.8902515376422,27546700
2023-05-22,316.2622375488281,317.6506519061972,313.1407919076932,313.72175450256833,24115700
2023-05-23,310.4328918457031,317.7786593037001,310.4230353450579,315.129844956525,30797200
2023-05-24,309.04449462890625,311.6539131682788,307.82346044326306,309.9110253250696,23384900
2023-05-25,320.9297180175781,321.8946936022039,315.10034835094876,318.29072976190264,43301700
2023-05-26,327.7929382324219,328.29510888578733,318.9208860691988,319.05872682002087,36630600
2023-05-30,326.1385803222656,330.5992168032211,325.45914303937906,330.09704624000494,29503100
2023-05-31,323.36187744140625,330.79626374577583,322.3180799641337,327.2021566585661,45950600
2023-06-01,327.4877014160156,328.42316754915356,319.74806391564715,320.9395286349785,26773900
2023-06-02,330.2644958496094,332.3323475779333,327.4581277933345,329.1321101568125,25873800
2023-06-05,330.7962646484375,333.37614376930503,329.535864541666,330.08728771023425,21307100
2023-06-06,328.5708923339844,330.235018509985,327.0840329482656,330.19562255099885,20396200
2023-06-07,318.4285888671875,329.368464259654,317.5620581330694,326.57195237701546,40717100
2023-06-08,320.2798156738281,321.63869071602795,318.3990568886411,318.98001954213174,23277700
2023-06-09,321.7863464355469,324.9373314399376,319.44278312053285,320.0138891984146,22529000
2023-06-12,326.76885986328125,327.01503196954405,320.1812918956647,323.5489094811682,24260300
2023-06-13,329.1715087890625,331.82032311090893,325.3312298625047,329.34874549714056,22951300
2023-06-14,332.1748046875,333.8487871057347,327.71416712277926,329.2207392790675,26003800
2023-06-15,342.77008056640625,344.4834289788281,332.0369816851605,332.3126932693469,38899100
2023-06-16,337.08843994140625,346.088508295725,336.71428351042255,345.9408110137167,46552000
2023-06-20,332.8739013671875,336.8421944144013,330.71743136867053,334.11461836641786,26375400
2023-06-21,328.45269775390625,332.55886207227235,326.9855214866997,331.21967006940366,25117800
2023-06-22,334.50848388671875,334.9122097318514,328.2360236629577,329.00407940361606,23556800
2023-06-23,329.8903503417969,332.7853371103675,328.3444121418227,329.24045228657593,23146900
2023-06-26,323.568603515625,330.9635927200876,323.4602721690602,328.61020314832035,21520600
2023-06-27,329.4472351074219,331.0030296985232,324.2579075361374,326.7787076649522,24354100
2023-06-28,330.7076416015625,332.80503293279156,328.6988686300646,329.53585987238114,20259500
2023-06-29,329.91986083984375,330.96362821714007,327.527075062663,329.5850703650796,16997000
2023-06-30,335.3258056640625,337.482275725271,332.0369499207866,332.57851653603007,26832800
2023-07-03,332.81488037109375,335.68032771766394,331.41663942897316,333.99651867597373,12508700
2023-07-05,332.97235107421875,336.418760211569,329.6047338310347,329.9592072038739,18172400
2023-07-06,336.04461669921875,337.7382820361676,330.3629751576873,332.13540234854474,28161200
2023-07-07,332.0566711425781,336.55670498898127,331.84003846145146,334.12452308964015,21214800
2023-07-10,326.7491455078125,330.0971101793497,322.5740762190043,329.4767516660907,32791400
2023-07-11,327.3794250488281,327.76343798253686,321.99317712247336,325.9910104955654,26698200
2023-07-12,332.0369873046875,336.4188332721777,330.5304150423304,331.44616817134346,29995300
2023-07-13,337.41339111328125,338.47684155339823,333.82911027190704,334.3608505171208,20567200
2023-07-14,339.953857421875,346.0490818076083,339.0381043039025,342.2678814702268,28352700
2023-07-17,340.4363708496094,341.67705794335393,336.96042159632077,340.3871183937117,20363900
2023-07-18,353.98565673828125,361.1640442664553,336.9308748774754,340.5348083176435,64738600
2023-07-19,349.6431579589844,356.910163452278,347.0435961042432,356.2110430741519,39732900
2023-07-20,341.5588684082031,352.488915911332,340.0818357740048,348.15629286107804,33778400
2023-07-21,338.50640869140625,344.9364244175642,334.6267329800318,343.804038472436,69405400
2023-07-24,339.8258361816406,341.6081500253585,337.06872038252897,340.5545261109339,26678100
2023-07-25,345.60595703125,346.5020271113136,339.78644478620345,341.79518755329605,41637700
2023-07-26,332.5982360839844,339.3926110246211,328.00958389884386,336.21205623429853,58383700
2023-07-27,325.65618896484375,336.1037197516402,324.0117459121444,335.2667585487862,39635300
2023-07-28,333.1890563964844,334.8039600258681,328.0686940198267,328.5610382897155,28484900
2023-07-31,330.7765808105469,332.52932517386967,328.2557505534437,331.7612693303981,25446000
2023-08-01,331.19012451171875,333.3564512189415,328.5905625133595,330.0577387535238,18311900
2023-08-02,322.4854431152344,328.5215876676995,321.36288394253444,328.5215876676995,27761300
2023-08-03,321.6583557128906,324.82905395091615,320.9592352774214,321.0084576833229,18253700
2023-08-04,322.76116943359375,330.00849183831787,322.22942927216775,326.79839796975773,23741500
2023-08-07,325.0555114746094,326.0401999902519,322.50517182513227,323.34216307349016,17741500
2023-08-08,321.0576171875,323.71628769208854,318.05432980850065,321.9536871716346,22327600
2023-08-09,317.296142578125,322.10139655564694,316.13418746953784,321.47121162839164,22373300
2023-08-10,317.9854431152344,323.2338495332389,316.2622382780474,321.0281269074305,20113700
2023-08-11,316.0948486328125,317.47340645136524,314.32239139441043,315.356332296055,24355500
2023-08-14,319.07843017578125,319.0981131252165,315.1790425656813,316.4690119861492,18836100
2023-08-15,316.9317932128906,320.112347555103,315.98650076532334,318.05435241024975,16966300
2023-08-16,316.1622009277344,320.12904938898345,315.5701308469875,316.55690427692053,20698900
2023-08-17,312.6887512207031,317.6127407149827,312.02759981073376,316.30034537916515,21257200
2023-08-18,312.2940368652344,314.1689001847318,307.429221422088,310.3303374450524,24755000
2023-08-21,317.6225891113281,318.50080167384647,312.84661003586535,313.7248225983837,24040000
2023-08-22,318.1949157714844,321.7670303653258,317.2081424532329,321.1947150908699,16084600
2023-08-23,322.67486572265625,324.8457790055064,319.18167984531766,319.5369338888436,21166400
2023-08-24,315.73785400390625,328.57578427329713,315.7279766344483,328.44749892606876,23281400
2023-08-25,318.70806884765625,321.05656413544324,314.5833333396425,317.2180314460419,21684100
2023-08-28,319.4185485839844,321.83612524691614,317.46472649074093,321.3526159371164,14808500
2023-08-29,324.0662536621094,324.62872172355605,317.6226246093168,317.6226246093168,19284600
2023-08-30,324.44122314453125,325.4477211359216,322.13217708385923,324.32281515894806,15222100
2023-08-31,323.4248046875,326.5331343506148,322.4577560775386,324.845760553026,26411000
2023-09-01,324.3128967285156,327.59883836815857,322.457758218764,326.92783979218484,14942000
2023-09-05,329.1382141113281,330.4210374382803,324.31290845170753,324.64840775182194,18553900
2023-09-06,328.4771423339844,330.036231094412,325.81284204251835,328.9705290461866,17535800
2023-09-07,325.5463562011719,328.6744104407102,324.6779909504708,326.9081080612324,18381000
2023-09-08,329.84869384765625,331.7137098037089,325.1023167744585,325.72398875980934,19530100
2023-09-11,333.47021484375,333.9438769304571,330.9934039017012,332.77946139821074,16583300
2023-09-12,327.38177490234375,332.33539626234364,327.09563232037993,331.3782249333898,17565500
2023-09-13,331.61505126953125,332.39461065187623,326.789745222865,326.92787783331875,16544400
2023-09-14,334.2200622558594,336.3514656595149,332.1182307268315,334.66409208415206,20267000
2023-09-15,325.85223388671875,332.9372579435442,325.289765958544,332.4636260999671,37679800
2023-09-18,324.7076110839844,326.0298836572718,322.043311199017,323.4642671224755,16834200
2023-09-19,324.30303955078125,325.0332722714447,320.2178137413672,321.8558610357087,16505900
2023-09-20,316.5272521972656,325.23059969956495,316.2707116235492,325.15167108778996,21436500
2023-09-21,315.3036804199219,321.04670841856864,310.8335984468154,315.03726246226876,35560400
2023-09-22,312.8170166015625,317.1982925065449,311.96837589582117,317.0700071580314,21447900
2023-09-25,313.3399658203125,313.46825115268246,310.83355349672485,312.4025192483227,17836000
2023-09-26,308.0114440917969,311.70196673842554,305.91945932011913,310.9618867351327,26297600
2023-09-27,308.65283203125,310.1428392517049,305.593828747816,308.16929263193225,19410100
2023-09-28,309.4915466308594,311.3072056214611,305.3569647044063,306.8765736803031,19683600
2023-09-29,311.57366943359375,315.24446731366316,310.81386483371,313.5472160333315,24147300
2023-10-02,317.5436096191406,317.63244570904936,311.0111757318988,312.0966322948684,20570000
2023-10-03,309.2449035644531,317.13909008245986,307.09371485170817,316.5864693213822,21033500
2023-10-04,314.7411804199219,315.80691237012786,309.8467936401809,309.87639563246836,20720100
2023-10-05,315.1358947753906,315.74771949407113,310.73489445489207,314.86947683543065,16965600
2023-10-06,322.9314270019531,324.8358921681667,312.1163703803469,312.36306369557445,25673600
2023-10-09,325.4575500488281,325.9311819206421,318.9053614253998,320.45460260529177,19891200
2023-10-10,324.0464782714844,326.72062531613193,323.3360003351507,326.5824626080448,20557100
2023-10-11,328.023193359375,328.4178966562557,324.786578142663,326.82917598535187,20063200
2023-10-12,326.7798156738281,329.2171466760317,324.3720866629903,326.19762310101714,19313100
2023-10-13,323.3952331542969,329.414526355163,322.0433284012077,327.9837231000112,21072400
2023-10-16,328.24029541015625,331.6940020700412,326.22726938220796,326.6712993129767,22158000
2023-10-17,327.66796875,329.0494454701595,323.0794785194293,325.23063727753015,18338500
2023-10-18,325.7436828613281,331.1512107763228,323.9576257989268,328.0922078686212,23153600
2023-10-19,326.937744140625,332.42420139961934,326.5331634650962,327.75675274742485,25052100
2023-10-20,322.3492431640625,327.5298029248246,321.1453785484329,327.33243622169937,25027700
2023-10-23,324.9642028808594,328.3291035769389,320.0994175521123,321.16511950696747,24374700
2023-10-24,326.1581726074219,327.450843201344,323.2669341104162,326.91797719567256,31153600
2023-10-25,336.1640930175781,341.62094848109837,333.1544162082352,340.45653303242403,55053800
2023-10-26,323.5531005859375,337.1113556219108,322.61565393783195,336.0357763758335,37828500
2023-10-27,325.44769287109375,332.26629984544655,324.05633893346254,326.0594874860953,29856500
2023-10-30,332.8485107421875,334.9602201307453,327.44098203313024,329.0001007639954,22828100
2023-10-31,333.6379089355469,334.5161516349393,330.2631610837394,334.368141661427,20265300
2023-11-01,341.4926452636719,342.82479524967096,335.15754738848574,335.29571010602456,28158800
2023-11-02,343.7128601074219,344.2160939793093,340.2097970582298,342.64712815086057,24348100
2023-11-03,348.1335754394531,349.70257133908996,342.73592479174664,345.0055212365651,23637700
2023-11-06,351.81427001953125,352.810920650958,348.6763382726154,348.775021621636,23828300
2023-11-07,355.7613525390625,357.66581765167786,352.89971618574515,354.6462939673867,25833900
2023-11-08,358.39605712890625,359.0571783438661,355.7810839202766,356.8961425131314,26767800
2023-11-09,355.9193115234375,359.9650886165862,355.59365942714123,357.50800229393934,24847300
2023-11-10,364.780517578125,365.2048228913201,356.2942607445592,356.7086886877949,28042100
2023-11-13,361.83001708984375,363.59634968321416,361.0603351402409,363.3496563645731,19986500
2023-11-14,365.37255859375,367.03036071346725,362.491197266639,366.1027913524832,27683900
2023-11-15,365.5209045410156,368.9420616823199,362.98960975360205,367.1128197102885,26860100
2023-11-16,371.94793701171875,372.12590947641365,366.02514736390873,366.79639155264005,27182300
2023-11-17,365.6988525390625,370.1681097203814,362.88083457344084,369.41663021620167,40157000
2023-11-20,373.2036437988281,374.6175863426899,366.83592346802067,367.053455411311,52465100
2023-11-21,368.8826904296875,371.9973289708727,366.954565050594,371.4535142101286,28423100
2023-11-22,373.6090393066406,375.52726727191356,370.7613594334498,373.75734968023374,23345300
2023-11-24,373.19378662109375,373.7277342076605,370.92951089344206,373.0949029680178,10176600
2023-11-27,374.3605041503906,376.3677485982953,371.97758030717006,372.55105716724864,22179200
2023-11-28,378.4046325683594,378.70125333384794,373.91558054196696,374.1034504184605,20453100
2023-11-29,374.59783935546875,379.98665110815534,373.20366140430053,379.4527337290247,28963400
2023-11-30,374.6571960449219,375.8239447266378,371.255803480385,374.24189676114656,30554400
2023-12-01,370.3065185546875,373.9155450087437,367.1424232065823,372.5312646095913,33040500
2023-12-04,364.9967956542969,365.37250519603646,358.8268127510661,364.9572361643586,32063300
2023-12-05,368.3388366699219,368.89254883397666,361.51628808242225,362.3369890872158,23065000
2023-12-06,364.66064453125,369.9802652283336,363.8992977327105,369.3474641617025,21182100
2023-12-07,366.7865295410156,367.2809176222543,362.2084910807366,364.0970571720749,23118900
2023-12-08,370.0296936035156,370.2570927962262,364.0970369580223,365.0561509893791,20154400
2023-12-11,367.1325378417969,367.42918876388495,361.9909204511594,364.34421229449237,27708800
2023-12-12,370.177978515625,370.2175380062211,366.3019631635577,366.6876003030071,24838300
2023-12-13,370.16815185546875,373.40146943487355,366.6085513976659,371.7996265975704,30955500
2023-12-14,361.8228454589844,369.5649795287377,360.0430604780347,369.1200181959737,43277500
2023-12-15,366.5689392089844,368.22017823936244,362.16887391656695,362.7324834814476,78502300
2023-12-18,368.4674072265625,368.813484896194,364.5419649068583,365.30334181505793,21802900
2023-12-19,369.07061767578125,369.07061767578125,365.6889897617008,367.32046447263787,20603700
2023-12-20,366.460205078125,371.80948757127044,366.3712188472843,370.7910493626897,26316700
2023-12-21,369.347412109375,370.2076424400769,365.8866959536453,368.3784007227526,17708000
2023-12-22,370.375732421875,370.9690041075322,368.5267259720335,369.4858399809148,17107500
2023-12-26,370.4548645019531,372.70927284710115,369.3078805824845,370.7910447615306,12673100
2023-12-27,369.87152099609375,370.85039977971724,368.6256533259875,369.49578121145504,14905400
2023-12-28,371.0679016113281,372.23465019250256,369.9604771834302,371.1568878412429,14327000
2023-12-29,371.81939697265625,372.9268214477709,369.2881324080931,371.77983747710107,18730800
2024-01-02,366.7073669433594,371.68090924219496,362.653379124267,369.6637976615887,25258600
2024-01-03,366.4403991699219,369.07054700501,364.3738609084346,364.86824891860044,23083500
2024-01-04,363.8102722167969,368.91236039556355,363.0489255004596,366.5096417702584,20901500
2024-01-05,363.6224060058594,367.8840285269613,362.3864358970699,364.82871403903994,21004600
2024-01-08,370.4844970703125,370.98878250703984,364.8682564016575,365.1549797273984,23134000
2024-01-09,371.5721740722656,371.76991118457596,367.0237980384077,367.83460167151895,20830000
2024-01-10,378.4738464355469,379.8581572234937,372.096258198453,372.14568493728495,25514200
2024-01-11,380.31298828125,386.2950721213031,376.11068950144534,381.66760682461364,27850800
2024-01-12,384.10986328125,384.3174978189153,380.33273123391484,381.1632995596287,21661200
2024-01-16,385.8896179199219,389.607425521524,383.2693674241333,389.2415832112696,27202300
2024-01-17,385.0986328125,385.7314338319448,380.4909325183697,383.6253660644491,22234100
2024-01-18,389.44927978515625,389.56792810197584,385.7413690092673,387.3234169753243,23392100
2024-01-19,394.1954040527344,394.1954040527344,389.08341804059046,391.3180618129271,29331100
2024-01-22,392.0596008300781,396.12345590728927,389.1723614900859,395.5301842429018,27016900
2024-01-23,394.4227600097656,394.8973833764225,389.5085418380042,391.30812148964645,20525900
2024-01-24,398.04168701171875,401.07723674810927,395.95538401589334,397.03314629680017,24867000
2024-01-25,400.3258056640625,402.44180116533613,398.0120730325646,399.78199083712803,21021200
2024-01-26,399.39630126953125,401.611180132996,397.91313719960004,399.83136514404845,17803300
2024-01-29,405.1213684082031,405.3784598651388,399.7918504359062,401.50244405119065,24510200
2024-01-30,404.0040283203125,408.4139613345208,401.8880631298829,407.6328499314226,33477600
2024-01-31,393.1175842285156,410.65849256823645,392.7517419035558,402.39230877230926,47871100
2024-02-01,399.24798583984375,403.4206219107263,397.29019842931785,397.3198605033387,30657700
2024-02-02,406.6045227050781,408.0184653335539,399.03049390369324,399.27768793699545,28256700
2024-02-05,401.0970458984375,406.5452122317709,399.4556738410708,405.2993446059863,25352300
2024-02-06,400.9388122558594,403.3909878537456,398.38778318773774,401.3244494199643,18382600
2024-02-07,409.4027404785156,409.6499345085534,402.82738531452173,402.8669448083425,22340500
2024-02-08,409.4620361328125,410.89577347726316,407.89978324873107,409.40271198373665,21225300
2024-02-09,415.8297424316406,416.0967312686168,410.4310338206638,410.58924160459986,22032800
2024-02-12,410.59918212890625,416.0176559661079,410.0948966506066,415.83968350613833,21202900
2024-02-13,401.759521484375,405.4674319451174,398.86241468639423,400.39500560681336,27824900
2024-02-14,405.6427001953125,405.9894178790187,400.76894210552797,404.23605848087817,20401200
2024-02-15,402.7402038574219,405.2860649354581,400.49154229797136,404.30537605508795,21825500
2024-02-16,400.2637023925781,404.45397083978673,399.6495323619633,404.1270543842311,22296500
2024-02-20,399.0056457519531,400.68965547755954,394.27055684913546,399.4513996951192,24307900
2024-02-21,398.4013671875,398.51034941803397,393.4879766336977,396.41027241644326,18518900
2024-02-22,407.7823791503906,408.95128532759105,404.7313302719457,406.3361048933316,27009900
2024-02-23,406.4847106933594,411.95283750838547,405.1275871523173,411.76465043623483,16295900
2024-02-26,403.71099853515625,408.28758685257475,403.53266673551263,407.5941515550284,16193500
2024-02-27,403.651611328125,404.4837156428337,400.0557114543386,404.1567991647498,14835800
2024-02-28,403.8893127441406,405.45445472615467,401.51186772663095,404.3449824000404,13183100
2024-02-29,409.75372314453125,410.3084593316979,402.1062540147567,404.80069987993255,31947300
2024-03-01,411.5962219238281,411.9627407983519,407.019633390637,407.4059534745647,17823400
2024-03-04,411.02166748046875,413.42882936527116,408.4460895147351,409.55556181237966,17596000
2024-03-05,398.866943359375,410.35796297341943,396.8758486343361,410.0706791695835,26919200
2024-03-06,398.31219482421875,401.35335816221044,394.6469759902315,399.1839316978577,22344100
2024-03-07,405.29595947265625,405.92993066363545,398.46076390351783,402.3043143885256,18718500
2024-03-08,402.40338134765625,406.563932548316,400.5311242381038,404.1270235900873,18002200
2024-03-11,400.7193603515625,401.8684653107991,397.49000992509303,399.9665214154685,16120800
2024-03-12,411.3782958984375,411.66557971021905,402.96807213356095,403.79026068759885,22457000
2024-03-13,411.1999816894531,414.25103060175684,407.5842808912539,414.1717955341408,17115900
2024-03-14,421.22491455078125,423.8004927118293,414.06283197899603,416.2916924630243,34157300
2024-03-15,412.5075988769531,418.62952831732593,408.9116991847294,415.3506293663728,45079900
2024-03-18,413.39910888671875,416.77707411837673,409.8923602232522,410.3579455831781,20106000
2024-03-19,417.45068359375,417.7082504608342,411.6457249805596,413.90430223487067,19837900
2024-03-20,421.2347717285156,421.9578936817544,416.7077018080513,418.03510823968844,17860100
2024-03-21,425.33587646484375,426.77226517382667,423.1466488448073,425.7915460992778,21296200
2024-03-22,424.7117919921875,425.82126426927357,422.0668947300005,425.6627941418489,17648500
2024-03-25,418.8870544433594,423.39432359578046,417.64879867030754,421.2446982721868,18060500
2024-03-26,417.68841552734375,421.9876357811286,417.3912462453885,421.6112012034168,16725600
2024-03-27,417.47052001953125,420.4621654792554,415.0732736405377,420.45224975865324,16705000
2024-03-28,416.7671813964844,417.9063706755069,415.1822079413489,417.0049168339557,21871200
2024-04-01,420.58099365234375,423.8698081123032,418.253066843913,419.9668236498753,16316000
2024-04-02,417.48040771484375,418.41157846327263,413.91422508584526,416.1628866591322,17912000
2024-04-03,416.4997253417969,419.2833219106777,415.1524873360607,415.7864888048433,16502300
2024-04-04,413.953857421875,424.6424895808556,413.64677241260966,420.9970416568271,19370900
2024-04-05,421.52203369140625,422.50275274464576,414.3896991298408,416.0638232237435,16554800
2024-04-08,420.600830078125,423.26555903906655,419.3229415986936,421.175397711729,14272400
2024-04-09,422.2749328613281,423.72120713043927,417.65871174097106,422.43343322697575,12496900
2024-04-10,419.2833251953125,420.0460798769914,415.7567751324305,418.2233709862432,16216600
2024-04-11,423.909423828125,425.33589688609106,418.39174889077384,421.8192626102262,17966400
2024-04-12,417.93609619140625,421.1852782373019,415.82610344793704,420.0658901447868,19253800
2024-04-15,409.75372314453125,422.80988521460824,409.54567440120263,422.5919509817317,20273500
2024-04-16,410.684814453125,414.46893102886065,409.8428247838056,410.67492896476267,16765600
2024-04-17,407.9706115722656,414.9444767069898,406.4747888910302,413.32978630581465,15855500
2024-04-18,400.4717102050781,408.02014264055606,400.15473970896494,406.7719711724091,21029900
2024-04-19,395.3701171875,401.67037838778936,394.03279488372993,400.23398957432255,30565800
2024-04-22,397.1928405761719,399.0650979159109,392.0317987028659,396.3211036284112,20286900
2024-04-23,403.7407531738281,404.36483895374073,399.2731164319855,400.4420226888204,15734500
2024-04-24,405.2167053222656,408.5946705531457,402.95812809887644,405.7120076101216,15065300
2024-04-25,395.2908935546875,396.13291356518926,384.3843265310709,390.327954514582,40586500
2024-04-26,402.5024719238281,409.1197034555493,401.94773576133974,408.2975149317784,29694700
2024-04-29,398.4706726074219,402.5024403041244,395.4394251609336,401.4424862005164,19582100
2024-04-30,385.6720886230469,398.3815629989462,385.51361848485345,397.71784459298715,28781400
2024-05-01,391.2293701171875,397.9456678723463,386.6428661349504,388.92124454675456,23562500
2024-05-02,394.1021423339844,396.1725023827848,390.9421111461168,393.9238407560063,17709400
2024-05-03,402.8392639160156,403.32465048849417,398.0843437724287,398.50041099944804,17446700
2024-05-06,409.6546325683594,410.0409526402596,402.55198432258595,404.9195438147948,16996600
2024-05-07,405.4941101074219,410.7740499032866,405.2464589410717,410.7641341827589,20018200
2024-05-08,406.68280029296875,408.3569244004072,402.88876793839216,404.33507234714784,11792300
2024-05-09,408.4461364746094,408.84237230777376,405.256388136723,406.7125782525158,14689700
2024-05-10,410.8433837890625,411.47738530815894,407.931003551283,409.0603074206024,13402300
2024-05-13,409.8328857421875,414.41938931108604,406.96013880289485,414.08258741635444,15440200
2024-05-14,412.6462707519531,413.56752582141957,407.68333177957805,408.1489171745,15109300
2024-05-15,419.8609619140625,420.58541857629035,414.09517000451575,414.7203814645313,22239500
2024-05-16,417.78680419921875,422.1831206804055,417.1516895148504,418.5906387303572,17530100
2024-05-17,417.01275634765625,419.7021586835379,414.84935049574557,419.32504512881616,15352200
2024-05-20,422.103759765625,423.52287221703216,416.79445965158396,417.01278697375295,16272100
2024-05-21,425.7756042480469,429.6756950854867,421.6174819616407,423.58239750259565,21453300
2024-05-22,427.24432373046875,429.1199579656232,423.8801327186548,426.8176027078419,18073700
2024-05-23,423.7511291503906,430.3009184683396,422.183164058962,429.6757070386861,17211700
2024-05-24,426.8870849609375,427.7802311569624,421.180834455013,423.9396813142882,11855300
2024-05-28,427.0458679199219,427.54206361225715,423.3541707575322,426.3611154416687,15718000
2024-05-29,425.90460205078125,427.6611238088633,422.4510693064345,422.4510693064345,15517100
2024-05-30,411.51495361328125,421.07165731955763,411.08820229599854,421.07165731955763,28394500
2024-05-31,411.9714660644531,413.5791353622515,401.43227374743395,413.5791353622515,47995300
2024-06-03,410.3736572265625,413.2615196687407,405.8086812773789,412.3683735171778,17484700
2024-06-04,412.9042663574219,413.2714463024523,406.5628712460692,409.2919473930987,14348900
2024-06-05,420.78387451171875,420.8533188907335,413.1325152430589,414.6310359031759,16988000
2024-06-06,421.28997802734375,422.07397569799485,417.3799535645987,420.7838790172518,14861300
2024-06-07,420.6250915527344,423.03659533238357,419.78155282449774,422.9572173477245,13621700
2024-06-10,424.6144714355469,424.82286513391676,420.66477334419267,421.4686078947135,13982900
2024-06-11,429.3879089355469,429.52685827022987,422.01444801185045,422.24270893937995,14551100
2024-06-12,437.70416259765625,440.02635491441,429.95358793616725,432.00784546900513,22366200
2024-06-13,438.22015380859375,440.0164099933339,436.02697743101913,437.4957275143316,15960600
2024-06-14,439.2026672363281,439.7683376003339,433.39717151476515,434.94529966913103,13582000
2024-06-17,444.9585266113281,447.5089797746042,437.3667384679764,439.22250553797545,20790000
2024-06-18,442.9439697265625,446.7150751827561,441.50502038116036,446.28832386783046,17112500
2024-06-20,442.3088684082031,443.1325399619797,437.912551396736,442.9042790324355,19877400
2024-06-21,446.3578186035156,447.15171963768364,443.11270951249037,443.9760852156284,34187100
2024-06-24,444.2638854980469,449.3052206448714,443.0134626029418,446.37765380757656,15913700
2024-06-25,447.5188903808594,447.98531552571586,443.3508346061679,444.8394216277891,16413400
2024-06-26,448.71966552734375,450.1487114593878,444.7798707523325,445.5837053034348,16507000
2024-06-27,449.4044189453125,452.6991654227889,448.3326193512516,448.7395034299803,14806300
2024-06-28,443.5493469238281,451.9151991305475,443.0134470896372,449.6227774267188,28362300
2024-07-01,453.2549133300781,453.8900280472802,442.2691337894114,445.2463078469115,17662800
2024-07-02,455.7855224609375,456.0931613731061,449.6624541774822,449.7517960549086,13979800
2024-07-03,457.2641296386719,457.5122274643449,454.39613452228906,454.70377340329327,9932800
2024-07-05,464.00250244140625,464.78650009669735,455.4778642825478,456.1129790053472,16000300
2024-07-08,462.6925354003906,464.14144858333964,460.9260800009118,463.00017429743497,12962300
2024-07-09,456.04351806640625,463.7742246843102,454.5152269456782,463.4467488725584,17207200
2024-07-10,462.7024841308594,462.91087784219644,455.36869724486377,457.71075666628917,18196100
2024-07-11,451.2403869628906,461.2436790661222,448.1143297880847,459.457386639418,23111200
2024-07-12,450.0990905761719,452.8877078833818,447.22116168053736,450.8731546278995,16324300
2024-07-15,450.5059814453125,453.7808911637112,447.99523247056425,449.85099950163277,14429400
2024-07-16,446.09979248046875,450.84342238707205,443.26156747821994,450.764044396858,17175700
2024-07-17,440.1454162597656,441.46531376189114,435.8384412822571,439.22249954002416,21778000
2024-07-18,437.0193786621094,441.2668124744543,431.0948010273652,440.95917357547034,20794800
2024-07-19,433.7841796875,437.7835460054657,428.7130742947466,429.80471086507333,20940400
2024-07-22,439.5698547363281,441.2172281155517,435.5705185548157,438.4286106688719,15808800
2024-07-23,441.46533203125,444.9784061601368,439.7286470352855,440.52254806214466,13107100
2024-07-24,425.63665771484375,438.12095826115956,424.3366274271562,437.0987963490377,26805800
2024-07-25,415.2165832519531,426.5298399054952,414.3333705957519,425.5374484396514,29943800
2024-07-26,422.0342712402344,425.6565240052853,414.0951402007918,415.0180872010169,23583800
2024-07-29,423.4831848144531,428.86192913835873,421.4686315229256,428.29625878283395,15125800
2024-07-30,419.7021789550781,425.7855127211385,414.18445497765873,424.4656455012434,32687600
2024-07-31,415.1669616699219,418.57085701348217,409.07366373993483,417.30059719182844,42891400
2024-08-01,413.93634033203125,424.20759683358074,409.94693801865395,417.58836350695543,30296400
2024-08-02,405.3819580078125,411.84243578824686,401.2635397070065,409.35152365396425,29437900
2024-08-05,392.1434631347656,397.98866312927163,382.64626998707365,386.2089818321841,40709200
2024-08-06,396.56951904296875,402.5834388839359,395.4679791086585,396.9565662320286,24946500
2024-08-07,395.3984680175781,406.95982088699543,394.44578082628846,405.53080524275083,20650900
2024-08-08,399.6260681152344,402.77193167950935,396.8969919508049,399.3779702821044,20203000
2024-08-09,402.93072509765625,404.945278327108,399.1993542150353,400.9558760021183,19276700
2024-08-12,403.7147216796875,405.6498969215895,401.16426864795665,403.9628195165785,16762900
2024-08-13,410.8599548339844,411.79280513110314,406.4537347921751,406.47357171655057,19414300
2024-08-14,413.6882629394531,414.54173528870035,409.3118435327495,411.64393908583247,18267000
2024-08-15,418.57965087890625,418.65917193819183,415.2292687595661,417.3567984201095,20752100
2024-08-16,416.0345153808594,418.88780719208,414.871311404525,418.15212368395106,22775600
2024-08-19,419.07672119140625,419.2954420190991,414.03622098500824,416.52167114516885,15234000
2024-08-20,422.3276672363281,423.3814956474892,419.18608502114756,419.2457333961214,16387600
2024-08-21,421.67156982421875,423.9183962597862,419.2656405890008,421.6118911043651,16067300
2024-08-22,413.13153076171875,424.30613578026436,412.1969990352219,421.8902550651885,19361900
2024-08-23,414.36431884765625,416.8199448280934,409.69166039420327,414.5532154876874,18493800
2024-08-26,411.08349609375,414.85144695028356,408.9460150702165,413.94673947074824,13152800
2024-08-27,411.43145751953125,411.9484202096587,407.8623548739229,410.4571501735566,13492900
2024-08-28,408.2103576660156,412.58474406521935,404.939496621488,412.46544730687265,14882700
2024-08-29,410.7156677246094,419.593688512659,408.21034485802835,412.5250827426797,17045200
2024-08-30,414.7122802734375,415.0602190186727,409.7314285183125,413.18123450252676,24308300
2024-09-03,407.0570983886719,417.43634095322227,404.66112073149435,415.47780496274754,20313600
2024-09-04,406.5202331542969,408.8466109265116,402.01659855552833,403.5476443909062,15135800
2024-09-05,406.01318359375,410.69576288507244,403.7663270914325,405.2476455783769,14195500
2024-09-06,399.36212158203125,408.2600144548305,398.4673353023376,406.6792718819864,19609500
2024-09-09,403.3587341308594,406.27167441765806,399.8095040440946,404.8698768958274,15295100
2024-09-10,411.7893981933594,413.9069762623546,405.327227721672,405.8243177579556,19594300
2024-09-11,420.57794189453125,421.52239474938517,407.19625641616165,413.08181573237965,19266900
2024-09-12,424.514892578125,424.8827343519594,417.30708702498356,420.84636566939764,17395700
2024-09-13,428.083984375,429.3167579290349,422.98383586069434,423.35167762504557,15874600
2024-09-16,428.8296203613281,431.0068771042965,425.72778345078893,428.09393683099876,13834700
2024-09-17,432.6174621582031,439.27848092894993,429.75421863095636,437.6679140298658,18874200
2024-09-18,428.302734375,433.4923558065776,427.9050683956392,432.46835149823806,18898000
2024-09-19,436.1368713378906,438.9305149970845,434.3572804602649,438.6620972919553,21706600
2024-09-20,432.7367858886719,436.6836823244085,431.69290886011487,434.6754493302442,55167100
2024-09-23,430.9870300292969,433.9198431554934,427.88519293448667,431.75253779309,15128900
2024-09-24,426.6722717285156,430.82793711748263,423.62013164821116,430.47996802683457,17015800
2024-09-25,429.59515380859375,430.599285430914,426.0757780554542,427.3284243659067,13396400
2024-09-26,428.7998046875,432.766573468399,426.6324994108163,432.5578041483432,14492000
2024-09-27,425.5289306640625,429.3366572153901,424.982143776937,429.0085608111411,14896100
2024-09-30,427.795654296875,427.91498138591425,422.89435403602215,425.71782167728367,16807300
2024-10-01,418.2416076660156,425.9862787507864,416.3725443176016,425.95645456288486,19092900
2024-10-02,414.7023620605469,420.3592494217051,414.2847930567838,420.12062555956777,16582300
2024-10-03,414.11578369140625,417.1082451347957,411.8788784861643,415.19943635003835,13686400
2024-10-04,413.6385498046875,417.30707662196244,412.55489718933603,415.80585503539044,19169700
2024-10-07,407.1565246582031,414.68244492002515,406.6196589116371,413.5789195776064,20919800
2024-10-08,412.29644775390625,413.24093104669487,405.7945313192391,408.5086237522523,19229300
2024-10-09,415.0303955078125,417.93341460570645,411.88878290651843,413.4397013585542,14974300
2024-10-10,413.41986083984375,414.92108254210694,410.74551386798254,412.81342552487126,13848400
2024-10-11,413.89703369140625,414.70231708134946,410.84489374484957,413.7180885691892,14144900
2024-10-14,416.7006530761719,421.5721293976272,415.09005586184196,415.3386008817118,16653100
2024-10-15,416.3029479980469,420.02120204810905,412.84322081195853,419.7229298265709,18900200
2024-10-16,413.69818115234375,413.93677464609624,408.0910216693982,412.7537283462629,15508900
2024-10-17,414.2947082519531,420.0410676802283,413.17127995027164,419.9018679111856,14820000
2024-10-18,415.7263488769531,417.2076674979936,413.8374127793913,414.7122961104646,17145300
2024-10-21,416.3427429199219,416.5216880571269,411.3420182082338,413.6982202013397,14206100
2024-10-22,425.0219421386719,428.07405197206367,415.6070554250592,416.0544182638452,25482200
2024-10-23,422.1288757324219,428.5711433507003,420.0709156477079,428.35242251551375,19654400
2024-10-24,422.25811767578125,423.5008427798279,419.94166109145596,422.85460145374896,13581600
2024-10-25,425.658203125,430.0027653012564,424.0874119188817,424.2763085648032,16899100
2024-10-28,424.1072998046875,429.4261695906152,423.81897907057987,429.1478003666399,14882400
2024-10-29,429.43609619140625,430.64899709836675,423.32186444879665,425.5090727531412,17644100
2024-10-30,430.0127258300781,435.9479823564893,429.5852356603292,434.8941538571239,29749100
2024-10-31,403.985107421875,413.73801220344217,403.9353802107126,412.94264988457604,53971000
2024-11-01,407.981689453125,413.0818383039077,405.12839737386855,406.6296190582037,24230400
2024-11-04,406.0827941894531,408.03140902561756,403.2096294840388,407.414991879503,19672300
2024-11-05,409.0653076171875,412.4852893556826,405.70497425343626,405.99329495800964,17626000
2024-11-06,417.73455810546875,418.00300613139274,408.1307753660983,410.01974169679755,26681800
2024-11-07,422.9540100097656,424.3657590257446,417.43632288625736,418.8281688837221,19901800
2024-11-08,420.0808410644531,424.0177855133015,419.32525452801985,422.8446603519728,16891400
2024-11-11,415.57720947265625,422.3376216288976,413.5788978774876,420.0609408352946,24503300
2024-11-12,420.5679931640625,421.969790701444,414.77193671429194,415.81581365023004,19401200
2024-11-13,422.7253723144531,426.8313104637277,415.7760330857976,419.1860937392156,21502200
2024-11-14,424.4055480957031,425.6780973820496,417.5556327945319,422.526533184943,30246900
2024-11-15,412.5847473144531,420.3393400677491,411.23267692258383,417.3767027455775,28247600
2024-11-18,413.34033203125,415.9649517435253,409.7016291897124,412.4554971706168,24727000
2024-11-19,415.3584899902344,415.5076109291685,409.154785870871,410.7057043157201,18133500
2024-11-20,413.0718688964844,414.86141123218795,408.19044109637775,414.4438422518667,19191700
2024-11-21,411.2887268066406,418.1722655525636,408.7186214344056,417.8933391524707,20780200
2024-11-22,415.40289306640625,415.80135498920845,409.48564079067086,409.79445106089474,24814600
2024-11-25,417.1860656738281,419.46727321033643,413.2611532266888,416.7776323033626,27691100
2024-11-26,426.350830078125,427.396826920373,417.24585120009374,417.98300734363517,23458900
2024-11-27,421.3699645996094,425.59374633298364,420.4036784238945,423.48184026594765,18332400
2024-11-29,421.83819580078125,423.25277076525435,416.1998692026867,418.4811073183322,16271900
2024-12-02,429.3293762207031,431.3416287639885,419.6963985253484,419.95541246483856,20207200
2024-12-03,429.5485534667969,430.8136785324232,426.10178307894205,428.19374634076934,18302000
2024-12-04,435.7447204589844,437.98610309109085,430.973057365549,431.3715193088951,26009400
2024-12-05,440.9248046875,442.9570002031869,434.4995257845279,436.2428234590915,21697800
2024-12-06,441.87115478515625,444.3914637865622,440.0780304611881,440.605999369761,18821000
2024-12-09,444.311767578125,446.61291802797285,438.8129196876974,440.904882933204,19144400
2024-12-10,441.6320495605469,447.89796761162455,439.9086948512907,442.6880177694449,18469500
2024-12-11,447.2704162597656,448.6252234428676,442.34933339299914,442.34933339299914,19200200
2024-12-12,447.83819580078125,454.4129240722559,447.389907127457,447.389907127457,20834800
2024-12-13,445.5569763183594,449.7010474581427,443.8734464678006,446.722508676707,20177800
2024-12-16,449.86041259765625,450.4481492573408,443.57458224663304,445.55695084461104,23598800
2024-12-17,452.7194519042969,453.5462901057899,447.84819595840975,449.2826833242326,22733500
2024-12-18,435.71484375,450.9163784238889,435.34623528561843,449.59148560028365,24444500
2024-12-19,435.356201171875,441.4826409757379,434.64892893973837,439.92861811038824,22963700
2024-12-20,434.9278869628906,442.04052591747404,426.98840977197597,431.4512325197303,64263700
2024-12-23,433.5830383300781,435.97384050264867,431.1722932989543,435.06732205874545,19152500
2024-12-24,437.64739990234375,437.91638528778583,432.52710135873434,432.98533109593694,7164500
2024-12-26,436.43206787109375,439.2512462781778,434.9577555797017,437.3983540840164,8194200
2024-12-27,428.881103515625,433.5531436249425,424.71711987555517,432.9355230391817,18117700
2024-12-30,423.2029113769531,425.91249514442245,420.2841404099869,424.42821148968693,13158700
2024-12-31,419.88568115234375,425.09566152109494,419.0489019483089,424.4680695178944,13246500
2025-01-02,416.97686767578125,424.43820240788705,413.2611726539346,423.90026204092493,16896500
2025-01-03,421.7286071777344,422.40599553232005,417.93320162542307,419.4672816518615,16662900
2025-01-06,426.21136474609375,432.6565862275622,423.85044657634234,426.3607841744266,20573600
2025-01-07,420.7523498535156,429.00063686122985,419.18835553907815,427.356962317073,18139100
2025-01-08,422.9339599609375,425.3347334633813,419.9255373117582,421.8381668103431,15054600
2025-01-10,417.345458984375,423.0833778600729,413.4304875422897,423.0036976315441,20201100
2025-01-13,415.5921936035156,416.8971739621178,410.71096634455273,413.6496498082875,17604800
2025-01-14,414.0780334472656,418.13242259689986,409.1469793562449,416.2098216251219,16935900
2025-01-15,424.67724609375,426.51019531397225,416.6680304830878,417.5247525233758,19637800
2025-01-16,422.953857421875,427.8450559110229,422.76461308505725,427.0581034768278,15300000
2025-01-17,427.3868408203125,432.81597982276594,426.53014915865293,432.4274589059452,26197500
2025-01-21,426.85888671875,429.2496888722742,423.9699995165458,428.55238804454143,26085700
2025-01-22,444.4910888671875,445.5569677171093,434.33014218783535,435.8841650351672,27803800
2025-01-23,444.9991149902344,445.03897030447143,439.8090775364838,440.30716256200645,18389300
2025-01-24,442.3592834472656,444.9393603072831,439.70946738545626,443.4550766157881,15549500
2025-01-27,432.8956604003906,433.5332238334213,421.8780219291722,422.3860783898249,35647800
2025-01-28,445.4872741699219,446.66274757404807,429.72785612913765,432.93552501884864,23491700
2025-01-29,440.6358947753906,445.16848684550723,438.7132938317083,444.97921209968376,23581400
2025-01-30,413.4006042480469,421.24045777086803,411.57762641112805,417.1661258658952,54586300
2025-01-31,413.4703369140625,419.0787791378778,413.32091748728266,417.3753368711932,34161900
2025-02-03,409.3462219238281,413.819015846871,407.09486781879804,410.02361028085903,25679100
2025-02-04,410.7906494140625,412.3347312724244,408.1707172498281,411.1094311345796,20532100
2025-02-05,411.7071228027344,412.2450327338191,408.828176805576,410.77072053658367,16316700
2025-02-06,414.2274475097656,416.59833715024297,412.41441067873023,412.41441067873023,16309800
2025-02-07,408.1806945800781,417.0466023053385,406.5370200109021,414.8849302333569,22886800
2025-02-10,410.6412048339844,413.86878595463395,409.3461959746536,412.12548842823685,20817900
2025-02-11,409.86419677734375,410.91016314142485,407.73237833536206,408.07110289586285,18140600
2025-02-12,407.473388671875,409.1768308737253,402.82126135721137,405.6503805324544,19121700
2025-02-13,408.9676513671875,409.4258810673793,404.8036375500993,405.4412009596675,23891700
2025-02-14,406.86572265625,407.3438952203064,404.3255012113121,406.22818963820515,22758500
2025-02-18,408.07110595703125,409.0274206742818,404.943117468385,406.43737251439387,21423100
2025-02-19,413.1814270019531,413.8986706302125,406.0887013451084,406.3178313932664,24114200
2025-02-20,415.3674621582031,418.5416276159257,411.78404435480104,414.52900508229465,23508700
2025-02-21,407.4619445800781,417.28390907488637,407.14255413255484,416.57521868274245,27524800
2025-02-24,403.2596740722656,408.6198287275297,398.58825743588903,407.7614192904554,26443700
2025-02-25,397.17083740234375,401.18349019975926,395.9730546936776,400.3649855487621,29387400
2025-02-26,398.99749755859375,402.860400830509,393.5275288045757,397.28064827533655,19619000
2025-02-27,391.8106994628906,404.9964840093174,391.45137377356565,400.53467393026557,21127400
2025-02-28,396.26251220703125,396.9013540385077,385.86162375466716,391.94046026830176,32845700
2025-03-03,387.778076171875,398.0891633417286,385.4523593369203,398.0891633417286,23007700
2025-03-04,387.8978576660156,391.86058386063223,380.30181761040467,382.6974135187692,29342900
2025-03-05,400.2851257324219,400.9339589862258,388.09750890861034,388.62653647287385,23433100
2025-03-06,396.1627197265625,401.4130601425524,391.9604125552081,393.557486671848,23304600
2025-03-07,392.5892639160156,394.07652376953155,384.83351327034705,391.601087821307,22034100
2025-03-10,379.46337890625,385.69193466137494,376.5287638766263,385.1329632711281,32840100
2025-03-11,379.7528381347656,385.29265558349334,376.2193166501511,378.30548307291184,30380200
2025-03-12,382.5676574707031,384.5140963348653,378.2555969008229,382.2482670126177,24253600
2025-03-13,378.0758972167969,384.6139126915579,376.75833925298997,382.4578672121625,20473000
2025-03-14,387.84796142578125,389.51491455417886,378.81455773398244,379.0840519928303,19952800
2025-03-17,387.98773193359375,391.99036302361236,384.8634626840814,385.9913968692823,22474300
2025-03-18,382.81719970703125,386.6601507855219,380.4016513456866,386.36071271152235,19486900
2025-03-19,387.1093444824219,388.9659214939022,383.29633715100766,384.8235322758774,19185500
2025-03-20,386.131103515625,391.07204471614995,382.5776297310475,385.0331131975468,18470500
2025-03-21,390.54302978515625,391.0221306945889,382.09851071654674,382.5177544739553,39675900
2025-03-24,392.35968017578125,394.67543616141086,389.09568331150246,394.67543616141086,21004500
2025-03-25,394.4358825683594,395.63366532055824,391.9205113732519,393.19816458592396,15775000
2025-03-26,389.2554016113281,394.5856126855185,387.85797313035886,394.27618318122023,16108400
2025-03-27,389.8642578125,391.5212195564284,386.6900923994873,389.4151007040484,13766800
2025-03-28,378.1058349609375,388.4169222438939,376.2392666189567,387.36882809704144,21632000
2025-03-31,374.7021179199219,376.3790320336197,366.5670283067677,371.8573344110368,35184700
2025-04-01,381.4896545410156,382.1484487727996,372.54608191207893,373.96346276032,19689500
2025-04-02,381.43975830078125,384.3743428432238,375.92985398533636,377.2773862564683,16092600
2025-04-03,372.42626953125,376.788287190408,368.67318036225987,374.10321411915555,30198000
2025-04-04,359.18060302734375,373.9035742050073,358.8212773354498,363.4627502923482,49209900
2025-04-07,357.2042236328125,370.32015981776436,344.1581969485817,350.2370336524557,50425000
2025-04-08,353.9102783203125,372.9652928837084,349.6081786868937,367.585185716996,35868900
2025-04-09,389.7744140625,392.50941370351666,352.45294739016697,352.8921435234206,50199700
2025-04-10,380.65118408203125,383.19649903483815,367.12599611378243,381.3598744812396,38024400
2025-04-11,387.7381896972656,389.3352333779351,378.19571053548395,379.9425037151649,23839200
2025-04-14,387.0993347167969,393.92679674338564,383.5059256339463,392.4994245329486,19251200
2025-04-15,385.0231628417969,391.17187833074144,383.4560325474498,387.79806728846995,17199900
2025-04-16,370.92901611328125,380.9106912763521,367.32564600100716,379.97244183574617,21967800
2025-04-17,367.1060485839844,373.6340726815441,366.2176953329466,373.0651098854367,21120200
2025-04-21,358.4619140625,363.8121077971333,355.01825440362086,362.1551460624454,20807300
2025-04-22,366.1478271484375,367.09606804173376,359.20055908423666,362.7141283475077,19485000
2025-04-23,373.7039489746094,379.6929540391626,372.33643389707953,375.3708716590499,20545500
2025-04-24,386.59027099609375,387.7381880213899,374.5024768665421,375.01155205300716,22232300
2025-04-25,391.1319580078125,391.44138750936105,383.8952433175299,386.29083932956814,18973200
2025-04-28,390.4432067871094,392.0202980494585,385.9315006090283,391.241728610284,16579400
2025-04-29,393.31793212890625,394.3759872470841,389.66463540586307,390.5829324517716,14974000
2025-04-30,394.53570556640625,395.93313400867555,383.73552563819743,389.58477271143016,36461100
2025-05-01,424.6204528808594,436.1892106723326,424.12136912560175,430.3199808366381,58938100
2025-05-02,434.48236083984375,438.63474141621873,429.20204608174254,430.948839257634,30757400
2025-05-05,435.3707275390625,438.6946118778074,431.3181395047298,432.07675654489867,20136100
2025-05-06,432.5159606933594,436.92787448428356,430.3798980651205,431.408009380462,15104200
2025-05-07,432.555908203125,437.3171563878889,430.319992206568,433.04500054847074,23295300
2025-05-08,437.3670654296875,442.85698666150637,434.86165526525525,437.12748451655574,23491300
2025-05-09,437.9260559082031,439.93235195021686,435.08127232610667,439.19371771814804,15324200
2025-05-12,448.4367370605469,448.5465208630377,438.9740982732109,445.12281367736733,22821900
2025-05-13,448.3169860839844,449.8441812103938,444.54388351816056,446.9594623818115,23618800
2025-05-14,452.1099853515625,453.0682176126866,447.3187935842875,447.3187935842875,19902800
2025-05-15,453.1300048828125,456.19000244140625,450.42999267578125,450.7699890136719,21992300
2025-05-16,454.2699890136719,454.3599853515625,448.7300109863281,452.04998779296875,23849800
2025-05-19,458.8699951171875,459.5899963378906,450.79998779296875,450.8800048828125,21336500
2025-05-20,458.1700134277344,458.3399963378906,454.32000732421875,455.5899963378906,15441800
2025-05-21,452.57000732421875,457.7799987792969,451.80999755859375,454.57000732421875,19216900
2025-05-22,454.8599853515625,460.25,453.8999938964844,454.95001220703125,18025600
2025-05-23,450.17999267578125,453.69000244140625,448.9100036621094,449.9800109863281,16883500
2025-05-27,460.69000244140625,460.95001220703125,456.1199951171875,456.4800109863281,20974300
2025-05-28,457.3599853515625,462.5199890136719,456.92999267578125,461.2200012207031,17086300
2025-05-29,458.67999267578125,461.7200012207031,455.30999755859375,461.54998779296875,13974800
2025-05-30,460.3599853515625,461.67999267578125,455.5400085449219,459.7200012207031,34770500
2025-06-02,461.9700012207031,462.1099853515625,456.8900146484375,457.1400146484375,16626500
2025-06-03,462.9700012207031,464.1400146484375,460.8599853515625,461.4700012207031,15743800
2025-06-04,463.8699951171875,465.69000244140625,463.0199890136719,464.0,14162700
2025-06-05,467.67999267578125,469.6499938964844,464.0299987792969,464.9599914550781,20131700
2025-06-06,470.3800048828125,473.3399963378906,468.7799987792969,470.0899963378906,15285600
2025-06-09,472.75,473.42999267578125,468.6199951171875,469.70001220703125,16469900
2025-06-10,470.9200134277344,472.79998779296875,466.9599914550781,471.19000244140625,15375900
2025-06-11,472.6199951171875,475.4700012207031,469.6600036621094,470.0199890136719,16399200
2025-06-12,478.8699951171875,480.4200134277344,473.5199890136719,475.0199890136719,18950600
2025-06-13,474.9599914550781,479.17999267578125,472.760009765625,476.4100036621094,16814500
2025-06-16,479.1400146484375,480.69000244140625,475.0,475.2099914550781,15626100
2025-06-17,478.0400085449219,478.739990234375,474.0799865722656,475.3999938964844,15414100
2025-06-18,480.239990234375,481.0,474.4599914550781,478.0,17526500
2025-06-20,477.3999938964844,483.4599914550781,476.8699951171875,482.2300109863281,37576200
2025-06-23,486.0,487.75,472.510009765625,478.2099914550781,24864000
2025-06-24,490.1099853515625,491.8500061035156,486.79998779296875,488.95001220703125,22305600
2025-06-25,492.2699890136719,494.55999755859375,489.3900146484375,492.0400085449219,17495100
2025-06-26,497.45001220703125,498.0400085449219,492.80999755859375,492.9800109863281,21578900
2025-06-27,495.94000244140625,499.29998779296875,493.0299987792969,497.54998779296875,34539200
2025-06-30,497.4100036621094,500.760009765625,495.3299865722656,497.0400085449219,28369000
2025-07-01,492.04998779296875,498.04998779296875,490.9800109863281,496.4700012207031,19945400
2025-07-02,491.0899963378906,493.5,488.70001220703125,489.989990234375,16319600
2025-07-03,498.8399963378906,500.1300048828125,493.44000244140625,493.80999755859375,13984800
2025-07-07,497.7200012207031,498.75,495.2300109863281,497.3800048828125,13981600
2025-07-08,496.6199951171875,498.20001220703125,494.1099853515625,497.239990234375,11846600
2025-07-09,503.510009765625,506.7799987792969,499.739990234375,500.29998779296875,18659500
2025-07-10,501.4800109863281,504.44000244140625,497.75,503.04998779296875,16492100
2025-07-11,503.32000732421875,505.0299987792969,497.79998779296875,498.4700012207031,16459500
2025-07-14,503.0199890136719,503.9700012207031,501.0299987792969,501.5199890136719,12058800
2025-07-15,505.82000732421875,508.29998779296875,502.7900085449219,503.0199890136719,14927200
2025-07-16,505.6199951171875,506.7200012207031,501.8900146484375,505.17999267578125,15154400
2025-07-17,511.70001220703125,513.3699951171875,505.6199951171875,505.67999267578125,17503100
2025-07-18,510.04998779296875,514.6400146484375,507.42999267578125,514.47998046875,21209700
2025-07-21,510.05999755859375,512.0900268554688,505.54998779296875,506.7099914550781,14066800
2025-07-22,505.2699890136719,511.20001220703125,505.2699890136719,510.9700012207031,13868600
2025-07-23,505.8699951171875,506.7900085449219,500.70001220703125,506.75,16396600
2025-07-24,510.8800048828125,513.6699829101562,507.29998779296875,508.7699890136719,16107000
2025-07-25,513.7100219726562,518.2899780273438,510.3599853515625,512.469970703125,19125700
2025-07-28,512.5,515.0,510.1199951171875,514.0800170898438,14308000
2025-07-29,512.5700073242188,517.6199951171875,511.55999755859375,515.530029296875,16469200
2025-07-30,513.239990234375,515.9500122070312,509.44000244140625,515.1699829101562,26380400
2025-07-31,533.5,555.4500122070312,531.9000244140625,555.22998046875,51617300
2025-08-01,524.1099853515625,535.7999877929688,520.8599853515625,535.0,28977600
2025-08-04,535.6400146484375,538.25,528.1300048828125,528.27001953125,25349000
2025-08-05,527.75,537.2999877929688,527.239990234375,537.1799926757812,19171600
2025-08-06,524.9400024414062,531.7000122070312,524.030029296875,530.9000244140625,21355700
2025-08-07,520.8400268554688,528.0900268554688,517.5499877929688,526.7999877929688,16079100
2025-08-08,522.0399780273438,524.6599731445312,519.4099731445312,522.5999755859375,15531000
